"GeneID","P.adj.Val_combined","log2FC","Ensemble_score"
19,2.19389953247272e-25,0.338965889212062,3
20,2.53178149318603e-08,-0.250385555026135,3
25,9.70371493713799e-09,-0.250922666221527,3
27,1.06594357204695e-09,0.254933782812284,3
30,3.33400156503471e-07,-0.326712077054141,3
38,1.23495008860524e-07,-0.290346383729582,3
47,2.54330351965979e-14,-0.278635752397924,3
50,3.54127216817676e-05,-0.181423027513885,3
60,2.54182412322094e-25,-0.319344380894738,3
71,1.52400305049341e-45,-0.423552121628925,3
81,9.1443857171568e-06,-0.167188291961705,3
87,2.63191676354939e-10,0.216273741815545,3
102,4.39918951429713e-12,-0.298107457388091,3
109,4.15203616323991e-06,0.295443291289026,3
113,4.85361822147726e-21,0.416411807761096,3
114,3.17120661015333e-45,-0.612161215153506,3
120,1.02040369956646e-22,-0.402668315439049,3
128,9.90921717439122e-05,-0.160783744474298,3
132,2.75877954803913e-11,0.304382729243648,3
136,8.3205575373977e-18,0.435074525905888,3
147,1.51584209214638e-06,-0.497911834646741,3
160,0.00172714004855792,-0.147286102254889,3
178,2.5822054856244e-11,-0.388893355478823,3
190,5.74492837771848e-40,0.633301271455611,3
196,4.84636770639266e-26,-0.424107946721377,3
202,1.52801593405613e-06,-0.237516117619699,3
211,0.000292728273277215,0.185848727563224,3
214,3.04806334614019e-16,0.316180822438482,3
217,1.37369793683196e-07,0.238022208473703,3
220,0.000236615931161497,0.172413050483122,3
221,8.25720751529877e-12,-0.257915918805333,3
224,1.74671550546052e-10,-0.271380684032396,3
226,6.89583034739353e-09,-0.191243767941513,3
230,1.48315429934439e-07,-0.383180903134373,3
231,3.55418016626632e-15,-0.250674880935061,3
262,2.90596677873748e-09,0.272220044043739,3
287,1.52582615086991e-05,-0.19585227666703,3
301,2.22036670216285e-28,0.341834809851723,3
302,4.5620770137296e-05,-0.139593052159177,3
307,4.8057153654129e-05,-0.186228826974783,3
309,1.09705892314219e-09,-0.249310292809266,3
311,2.29330142243712e-11,-0.301992537699686,3
323,1.99476914192257e-05,0.22180631021191,3
330,5.33130661864388e-06,-0.749645972636715,3
331,1.39919359201364e-08,0.247613924436556,3
334,2.8021507798043e-06,-0.168498343792772,3
348,7.51068836491893e-43,1.93007844236236,3
350,1.49444289382395e-12,0.687832421921608,3
366,3.05822502806225e-121,-1.35754157427648,3
381,3.53969771253021e-07,-0.237248198278535,3
387,0.000958631309942748,-0.129000691987061,2
392,2.20826165667494e-16,-0.359451940296033,3
414,2.69552793234198e-08,0.249195968379396,3
444,3.90377726408984e-134,0.763893655172549,3
467,7.27847141874404e-20,0.400361058724449,3
468,0.00554167163996727,-0.112691236539659,2
477,7.02246177780252e-24,0.42589419238038,3
488,2.75118369521783e-06,0.172366022804186,3
489,1.43435294623761e-13,-0.32467633683366,3
490,1.51156811604004e-06,-0.188510150621365,3
493,1.94821579349385e-33,-0.482961052360523,3
498,0.000197077554377529,-0.142123205668228,3
506,1.28384035882398e-13,-0.255181205430818,3
509,6.67026791955329e-07,-0.226572931315465,3
515,2.58854861893132e-06,-0.198740781641313,3
518,1.80745027846616e-13,-0.320432457033547,3
526,0.00020846978886563,0.155191362327459,3
528,5.1462763488661e-09,0.217995611492224,3
535,4.2872129482838e-12,0.29789616169924,3
558,1.71743492499147e-13,0.286235539274847,3
567,3.73033705664273e-07,-0.170629855694588,3
594,6.02177627919028e-07,-0.366484137100189,3
598,0.000161816630294351,0.158557418182246,3
618,9.01862607798044e-07,-0.352197964456752,3
623,3.10306939870595e-52,-1.30987436892684,3
624,1.65834789026297e-41,-0.686318103346351,3
629,5.75892709741702e-06,-0.29162137270208,3
644,7.87007297275444e-06,-0.242060321132067,3
645,1.45399425503945e-05,0.178874582018375,3
649,4.02834293307496e-07,-0.341751510876217,3
650,1.53328600810599e-07,0.43240521236285,3
677,2.85410170697911e-18,-0.387461774569773,3
678,1.24784008059411e-06,-0.217907569125395,3
688,1.18656196094645e-13,0.375144461960121,3
706,0.000481052348451137,-0.186236209964996,3
715,8.23399699680461e-10,-0.264326972528147,3
716,4.54873932517898e-08,-0.262918822308905,3
719,6.24675473614562e-09,-0.360036273197661,3
726,7.20347407068453e-07,-0.345344168710458,3
728,4.50188982090931e-16,0.378324787161532,3
734,2.44122028217085e-26,0.398529373206331,3
770,1.4294305698941e-05,-0.562126775910803,3
771,3.59051621611403e-60,-0.739172277268871,3
800,8.98927849464808e-22,-0.32203300568316,3
811,5.76138612817916e-10,0.202083959072772,3
814,1.45015129767915e-05,-0.217481010408009,3
821,5.43581574077663e-15,0.244205524536372,3
823,3.54110101097121e-07,-0.201180574869939,3
824,0.00191208396979526,0.111260477147168,2
826,9.54063904220029e-05,-0.168131940476162,3
828,1.95113314501019e-40,-0.625797539756828,3
830,0.000658924241443022,-0.161908074752531,3
833,1.30853635810963e-05,0.170393347889899,3
834,4.75560887120671e-09,-0.507452179831268,3
847,3.03247703046117e-18,-0.491759377935021,3
857,6.42960920473804e-57,-0.587095549306523,3
867,1.31987832229994e-11,0.317028685633353,3
868,1.44205942417425e-05,-0.222912020862204,3
875,1.75792347120981e-05,0.218273785048834,3
900,8.62714107412242e-11,-0.27335018988881,3
928,2.06668236810274e-18,-0.349070010963187,3
933,3.66167431440918e-42,0.880636979227876,3
950,6.06066259670202e-18,-0.337648870100898,3
960,7.21495650944977e-37,-0.428509080295086,3
966,7.79084606820421e-05,-0.184133124277371,3
968,1.86998462235267e-19,0.31693993292832,3
972,1.54887241189371e-08,-0.226925713460887,3
977,0.000258315716830512,-0.149670356175563,3
989,1.39826922399074e-05,-0.197203456318743,3
994,2.63109559437558e-11,-0.387002570647861,3
1001,6.16517921165092e-23,-1.05411453358073,3
1002,6.81995182913568e-39,0.932756924257548,3
1012,2.41384727568895e-08,0.19683729320493,3
1047,2.02205773399787e-06,0.203548362365405,3
1072,2.80507964142033e-05,-0.15791401900405,3
1104,3.82307054785976e-05,0.194628174431917,3
1106,5.99594324294161e-30,0.434864668281476,3
1116,3.57176461372698e-48,-0.633756951334596,3
1117,5.82612698123988e-34,-1.34476071333839,3
1119,1.09293283919557e-05,0.251762214373695,3
1121,4.68645537988055e-08,0.24112401347704,3
1122,5.67810995888878e-08,-0.306286669306181,3
1173,2.964699605212e-08,-0.194229153969818,3
1176,2.17190569352043e-08,-0.2413504839021,3
1182,0.000126876940059267,0.149167116877741,3
1186,9.22551599752892e-07,0.190830868999964,3
1200,1.61028144853558e-07,0.188951730341582,3
1230,1.58682386985671e-22,-1.0571541393525,3
1244,3.53495196093831e-25,0.429634290309105,3
1261,4.43846745917864e-08,-0.586956708184868,3
1277,1.73644037345946e-24,-0.634566103892499,3
1278,2.29772863385645e-98,-1.34828647055148,3
1289,1.07985040663476e-08,-0.336612207285799,3
1292,1.69553296193108e-06,0.160827723348379,3
1293,1.26370926556114e-31,-0.424850427514069,3
1294,8.26908866597377e-97,0.887209192119737,3
1296,6.17463625953841e-15,1.98251457238464,3
1316,1.16051977151863e-05,-0.278070111178919,3
1317,1.55981238696079e-10,0.253010119249522,3
1349,2.09135443626182e-14,-0.317413105275708,3
1362,0.00133717212554106,-0.154897068228344,3
1366,1.37860463576441e-07,0.361746027732152,3
1390,5.99093758023869e-07,0.281334559126951,3
1435,4.70396605199947e-20,-0.340930661996092,3
1454,1.24478770775763e-08,0.257780362734297,3
1462,1.24593283774847e-67,-0.899807716169975,3
1489,7.64232192409471e-08,0.477555925581137,3
1490,0.00012172015567743,0.520887182599345,3
1491,1.16774681666161e-06,0.202037864857917,3
1496,1.45213067556659e-08,-0.510950074217215,3
1497,0.000121914495756043,0.179244690967775,3
1508,8.65080549941796e-11,-0.202214331287358,3
1513,5.52415696752259e-31,-0.374800612263837,3
1514,4.55729984148955e-17,0.310665980721106,3
1545,1.11324605979544e-17,-0.378439720223079,3
1595,2.50174910821673e-14,-0.293893491964125,3
1604,5.55298964513962e-05,0.167360620421559,3
1622,1.75934903945712e-28,-0.426733723773543,3
1627,4.8096164952932e-16,0.339612891085878,3
1633,2.21178312191961e-12,-0.46862366944345,3
1642,7.87588274730935e-09,-0.206414116186555,3
1645,8.40133725602633e-92,0.791237464966741,3
1646,7.56505662886018e-19,0.465131207252213,3
1647,2.40439363267762e-08,0.236236496908781,3
1654,0.00534251963040919,0.130031011369246,2
1662,8.9735696283975e-124,1.09544644842484,3
1687,4.57635837447164e-12,-0.263231905179429,3
1717,6.26468012073779e-22,-0.397340568956727,3
1718,2.5868573392339e-37,-0.479056341986722,3
1727,4.56159059961063e-07,-0.199111777248568,3
1728,3.38312730967452e-13,0.385895483066637,3
1777,1.94149518640707e-09,-0.249156634849811,3
1778,0.000104968299410057,0.150033250488293,3
1781,2.93951495143751e-08,-0.241580687024028,3
1803,7.96071121097789e-47,-0.636273105624459,3
1808,1.74224870837137e-07,-0.225881555949414,3
1809,5.08776876088136e-23,-0.410376145107686,3
1827,5.5622560950865e-28,-0.469456619890675,3
1831,1.89605356853737e-29,-0.594187821396849,3
1836,4.24984181396645e-18,-0.402083685263597,3
1839,1.56165813853292e-17,0.739160874850454,3
1842,5.94338080370019e-13,-0.622959998505728,3
1843,3.24446386542687e-06,0.24053542346443,3
1846,0.00107480972185961,0.137799228336996,3
1847,1.13250199585131e-23,0.457576244161331,3
1854,2.8915764844562e-06,-0.204016150747193,3
1889,6.61637261034377e-14,-0.278442261582459,3
1891,5.16129232110865e-12,-0.320117410427977,3
1893,6.15514362400918e-08,-0.26983111731761,3
1902,9.31657046188973e-16,-0.695111196402416,3
1910,1.43418940182876e-11,1.39499951064436,3
1917,2.34563563740865e-25,0.970721078476201,3
1969,2.7052590519336e-16,0.666427585761078,3
1974,6.01738646579804e-12,-0.260482148594519,3
1975,6.63654953170307e-05,-0.140675667552238,3
1983,4.93079789433466e-07,0.198113264897492,3
2001,2.07212288624144e-14,-1.69879211198206,3
2012,4.5072758250108e-06,0.168606069905312,3
2023,0.000259093742037201,-0.120687933903918,2
2036,1.32068210570835e-07,-0.218101984127958,3
2037,2.80314531684406e-08,0.257834691512301,3
2040,0.000296035217590578,-0.176018948914074,3
2043,3.06849000410146e-07,-0.74700981375367,3
2052,7.14973621614486e-20,0.389737601712689,3
2055,2.90193644064681e-11,0.322522951501316,3
2059,9.41617478432972e-17,0.338721572654432,3
2069,2.6283478652426e-78,0.645842045584814,3
2086,1.19889892830414e-35,0.509222463991319,3
2114,1.18041725795744e-28,0.439957534871986,3
2115,5.88343603152499e-07,-0.218850670929411,3
2118,5.46935272192622e-30,0.842135468601529,3
2119,2.14477630049113e-17,0.338242310480032,3
2121,0.00901377346070979,-0.143714376407942,2
2123,4.17164549419753e-20,-0.725469358574589,3
2131,3.67078994387653e-09,0.247154981732042,3
2138,2.08199515173168e-08,-1.03914412083132,3
2151,1.15701235396443e-49,1.23985855185515,3
2170,1.02871344816817e-14,-0.686358189446198,3
2180,1.04054175276403e-05,-0.183760927570004,3
2181,1.12202674749145e-05,-0.176196616456953,3
2182,3.12534907402959e-26,-0.438332108850082,3
2188,1.54978677922216e-06,-0.332413657686025,3
2191,2.18493121760843e-11,-0.518626363367004,3
2194,1.6587152924227e-16,-0.309126389620351,3
2200,2.69394348484863e-09,-0.36614395305031,3
2201,8.06811578775645e-25,0.586070967912899,3
2202,8.31836466021307e-49,-0.705296729821121,3
2222,4.26114678118942e-10,-0.236342104128958,3
2224,7.33459934380936e-40,-0.53973286122406,3
2247,0.000903076305427529,0.138992881509628,2
2260,1.65499082571507e-09,0.252408878589174,3
2274,2.49321996753385e-07,-0.239549021430929,3
2288,1.09560902204831e-10,0.267958622161362,3
2297,1.27401214406791e-05,-0.197360941091245,3
2300,1.29614578062046e-05,-0.272874680390975,3
2303,1.1635127260595e-08,-0.632132258142847,3
2317,8.64786463341931e-126,0.814271073074064,3
2318,1.97855954795623e-20,0.294907656434082,3
2335,2.75748877655298e-05,-0.175784492003906,3
2355,1.62513088050289e-15,-0.356026860211997,3
2357,9.43746839344364e-20,-0.410829011645559,3
2495,2.0899549269847e-19,0.297175363235222,3
2498,1.06637871574837e-05,0.332334564608949,3
2512,6.72252018288184e-21,0.344828309308658,3
2530,2.5755158167476e-31,-0.565397627644068,3
2531,9.52998928156922e-08,0.216954415676807,3
2539,2.6360729309144e-08,0.219542615877185,3
2582,1.28308272848172e-37,0.546711940809649,3
2597,0.00246279532241643,-0.0984535605343981,2
2615,2.10291756005369e-11,-1.30766751398183,3
2617,5.33343473338891e-06,0.149602496951119,3
2633,5.30503335063301e-16,-1.03014032215534,3
2634,2.03413111681147e-13,-0.750454225645609,3
2650,2.02899913684708e-13,-0.423865937270927,3
2665,2.55614133230835e-05,-0.170559736423713,3
2669,0.000400515351364365,0.190127495376602,3
2673,1.56256879493223e-20,0.306687841918003,3
2683,2.79983278080005e-05,-0.165159525407821,3
2697,2.96353994460927e-25,-0.751801295647155,3
2710,3.87259795613415e-13,0.406828521702456,3
2717,2.93690322147624e-44,0.694607064286649,3
2729,7.16556830081577e-37,0.499844773077436,3
2730,1.52388436592769e-61,0.692473628254316,3
2752,8.74773271858118e-15,-0.341509488694544,3
2760,4.16771015998608e-30,-0.479751767478149,3
2771,1.9860334035168e-14,-0.268541466394444,3
2791,0.000641541402621369,-0.176799524654397,3
2803,0.00670656873092841,0.13656309603316,2
2817,0.00325300712315264,0.141139147720841,2
2820,3.18774074882919e-05,-0.224458262540323,3
2821,0.00410057135207528,-0.139207276268271,2
2825,5.67327582273648e-18,0.373672590776126,3
2872,1.62300165335779e-39,-0.474546209257163,3
2876,1.68435442210855e-72,-0.71342656144372,3
2879,1.97168441038748e-30,-0.433699201024402,3
2887,2.76131567236308e-21,-0.308971370358047,3
2918,7.53714335925048e-11,1.02733014312317,3
2923,2.97093629417335e-06,0.156958048186302,3
2934,9.88457650260668e-27,-0.450275459287952,3
2936,7.82975486367476e-40,0.572277192053011,3
2941,1.49701649365994e-13,-0.771005971053415,3
2950,2.57393902433288e-06,0.228234624004861,3
2957,4.55952483439468e-06,0.229406836672346,3
2965,0.0012848242720537,0.15671829900414,3
2992,9.97941516371297e-09,-0.271660979192668,3
2997,1.67877127715042e-07,-0.365801525956232,3
2998,1.35103945385546e-18,1.57450223854064,3
3005,6.75517627598093e-33,0.458947042027145,3
3020,2.88687452904553e-07,-0.237055343194541,3
3068,4.67493198055252e-10,-0.239829075239015,3
3073,7.24323741754959e-05,0.169477637363361,3
3084,4.99821983095305e-14,0.301893722157867,3
3092,2.64278200268776e-08,0.247659029116246,3
3105,2.32471116549823e-07,-0.195059499124814,3
3106,0.00493176418461563,-0.117553680044145,2
3108,7.16516670135859e-09,-0.536063610048125,3
3109,2.13084650856892e-09,-1.11706561153592,3
3113,1.77135264848859e-11,-0.353274608168955,3
3119,5.9689134755933e-20,-0.651733606150546,3
3122,6.46659829047781e-39,-0.640824386806331,3
3123,1.02875689372994e-20,-0.405093468613809,3
3127,3.10357698317745e-06,-0.205104803708427,3
3134,1.26536581653304e-13,-0.445693924811983,3
3146,3.53057433720171e-15,-0.335894982141595,3
3149,3.74458808662526e-10,-0.45441350975707,3
3156,2.89155395798426e-20,-0.395926467618994,3
3157,5.35879852711141e-54,-0.733009005268456,3
3159,1.11707200122491e-69,0.613084904123881,3
3162,1.49853372971754e-82,1.0370660895002,3
3176,5.30804203983362e-07,-0.423584648139796,3
3178,8.57268761828531e-05,-0.147741001277728,3
3181,0.000848461063700375,-0.135308267671663,2
3212,1.24891346323454e-09,-0.347274187780608,3
3241,6.39454753714901e-11,0.292549633051757,3
3303,6.09364423215122e-80,0.785399724462078,3
3304,1.58169796614712e-87,0.764937551549384,3
3309,5.91869970489042e-35,0.364328760974358,3
3310,1.44736419109574e-67,1.37035058868571,3
3311,1.53457137284671e-32,1.32013700200701,3
3312,3.99935234647112e-16,-0.257105146528536,3
3315,5.89187111152074e-30,-0.433087570835271,3
3337,2.29238012033598e-11,0.241573247419712,3
3340,4.10946740520276e-09,-0.247530759474091,3
3371,1.32273965088667e-10,0.220483737821095,3
3383,6.73858775121488e-14,0.381707866979884,3
3397,3.51129340724788e-51,-1.18058247221607,3
3398,2.02164583564583e-36,-0.853688600156841,3
3399,9.49436165019665e-94,-1.24366771334604,3
3417,0.00346485143006387,0.104666214853775,2
3418,1.17258142599621e-14,-0.688692302860255,3
3419,3.0746119660144e-06,0.212947877085037,3
3421,3.16315288542371e-11,-0.316134408111996,3
3422,1.94243816849378e-25,-0.432869150720605,3
3423,0.00364820578142824,-0.127119822400288,2
3433,4.4406390597284e-08,-0.598777586784052,3
3434,2.63661105508414e-15,-0.994802856285667,3
3437,3.24115382684167e-11,-0.440658438195007,3
3454,2.59532389937375e-08,-0.238894944697536,3
3482,2.59943541710111e-41,0.46818698477086,3
3484,3.12594670484747e-17,-0.451025717882738,3
3486,5.34292225815222e-11,-0.253321486897182,3
3489,1.31244548759667e-24,-0.389963762225366,3
3490,1.31082074291485e-06,-0.258588228210688,3
3553,1.9902769809987e-24,0.50918385832484,3
3572,5.23344744212705e-06,0.175519230780912,3
3576,1.83007431981753e-32,0.447816810318602,3
3589,6.8637522164588e-45,1.10281114390539,3
3597,2.58993706848756e-06,-0.187802344355943,3
3598,1.91325613039097e-25,0.464097380151467,3
3604,4.1025799784551e-13,0.445596300335736,3
3611,1.32538281932993e-07,-0.230841622289354,3
3632,1.55471042277213e-06,0.391408213970479,3
3638,2.36078176581292e-38,-0.424474296336105,3
3663,6.74646874654006e-46,1.03811198711569,3
3667,2.26192724204639e-20,-0.435276488167709,3
3673,3.26098756199772e-55,-0.846047433455298,3
3675,3.84306501605679e-09,-0.189644890699757,3
3678,1.92475055009602e-12,-0.273292914491892,3
3687,3.46828213151502e-05,0.313683391562404,3
3688,1.25837702384543e-07,-0.185546289336858,3
3690,8.45671914280754e-13,0.276496825526581,3
3703,0.00346316760478659,0.134949064933388,2
3708,1.65368193561631e-31,0.452513260054793,3
3709,1.65755615707976e-05,0.221708758932753,3
3716,0.000568284897244812,-0.140441140333839,3
3726,3.01901197133004e-10,-0.304582475938458,3
3727,3.15666977105189e-06,-0.177548197188687,3
3732,1.49748288336331e-16,-0.330432819214358,3
3759,1.54119630150059e-08,-0.363102068305507,3
3790,1.96103821806586e-10,-0.412901087001605,3
3801,1.24457370132652e-19,0.401790478867067,3
3842,1.1364145349965e-22,0.358460980816831,3
3884,1.67956158612303e-08,0.826745063743515,3
3912,6.66557140722734e-63,0.640111826588645,3
3914,5.10199947648973e-09,-0.278636395406687,3
3915,6.43509822584157e-08,-0.223851718656358,3
3936,6.66585248247117e-10,0.404855063202015,3
3939,4.00796356935989e-33,-0.483011508285302,3
3955,1.03556932320847e-12,-1.24402489958144,3
3958,4.94865824451883e-45,-0.509581663549193,3
3964,5.68145536584848e-09,0.254404305630089,3
3976,1.1281326666542e-08,-0.299623352848293,3
3981,9.12435246432309e-09,0.251739695774275,3
3984,1.20693089919001e-05,0.167475985331898,3
3987,7.01972776980647e-15,0.314338139984335,3
3988,9.3628282941744e-24,-0.431744967034075,3
3991,1.34579873778629e-08,-0.492988210922395,3
3992,5.05839506079875e-11,-0.246868147007929,3
3998,2.83835004347493e-14,0.264047184755037,3
4015,3.98170454585638e-29,0.476547410020021,3
4016,3.21610939011667e-09,-0.345067435381654,3
4017,6.47950131427907e-31,-0.50957494639161,3
4047,6.34299006439045e-19,-0.325960501027935,3
4052,9.76014681105788e-19,-0.392139681330671,3
4054,1.78659876394432e-14,-0.293487244747651,3
4055,1.09743458660737e-13,0.435879007505453,3
4060,8.17366257658568e-23,-1.24522481091367,3
4061,3.37420279429261e-06,-0.257501506459775,3
4074,3.24112052329873e-06,0.17797196567538,3
4082,0.00388021369996764,0.135712678064073,2
4084,9.33368643353435e-10,0.351409558580001,3
4088,3.30132892305751e-08,0.257448418736632,3
4090,3.4167357540429e-07,0.224267249967594,3
4097,4.49683325766865e-17,0.326978871334729,3
4121,4.24951909937795e-20,-0.408341526566135,3
4128,2.86517628248334e-10,-0.411249302525698,3
4131,1.17209836749151e-16,0.298646313134803,3
4134,0.00418496833270961,0.104156395887917,2
4141,6.8417446555374e-07,0.186988573835065,3
4144,0.000294048223915306,-0.164294978247164,3
4147,6.20524789181675e-10,-0.416911036965352,3
4150,1.79163448208802e-12,-0.301081947211237,3
4152,3.87758033254431e-06,0.200266212442854,3
4162,1.28784209149039e-07,-0.243336111463596,3
4163,8.631996275287e-17,-0.420367156190133,3
4173,1.34159466989089e-07,-0.372047488532257,3
4179,2.71908183289806e-06,-0.197802089774876,3
4190,8.30770812265147e-08,-0.250677584401769,3
4192,4.52821769600432e-18,0.705574545324255,3
4193,1.95557416774626e-05,-0.189177761197033,3
4233,7.29069647185462e-08,-0.226061027433466,3
4239,2.26482572954665e-41,-0.584898490838235,3
4247,6.22798429688586e-09,-0.305165703737937,3
4249,5.49534707843745e-24,0.417513593004081,3
4254,3.4480018200769e-07,0.234146851808282,3
4259,7.00714163657123e-22,-0.415282292247643,3
4261,1.85531390841124e-10,-0.453218742257578,3
4301,3.93150856604334e-06,0.207443569564605,3
4311,0.000330222749377475,-0.186482492551074,3
4312,6.12018666299577e-08,0.752352846659337,3
4313,2.75566009799168e-12,-0.223047490341462,3
4323,1.37913322530227e-09,-0.216788667004414,3
4324,5.37657823482163e-09,-0.726347924924243,3
4327,2.49371780749182e-12,0.465865639247175,3
4357,6.27363733198456e-06,0.270746424426482,3
4359,5.83171300138891e-12,0.528460737482764,3
4363,1.72050073153619e-16,0.354005214620202,3
4493,5.43782615685972e-19,-0.365371021309387,3
4500,3.13868678976216e-06,-0.620852770534395,3
4502,2.54939587981922e-12,-0.244335541376672,3
4508,8.21205348431956e-10,-0.423779081296109,3
4509,3.35071342358931e-10,-0.469231359808391,3
4514,8.84233721933251e-11,-0.493802367483876,3
4520,1.04404992259211e-09,0.279090016470763,3
4538,7.07753809350972e-08,-0.420391732311192,3
4539,1.64320323033518e-10,-0.433048456784526,3
4552,2.02287315021879e-09,0.281866148311324,3
4563,2.10250565814852e-05,-0.682677375581341,3
4597,1.09782051074653e-34,-0.530545881904499,3
4598,2.26816853955505e-09,-0.373546945734974,3
4600,7.54793947778027e-07,-0.559878741668994,3
4609,4.75522403567011e-05,0.211089785826033,3
4627,4.69899882325308e-07,-0.175944971923431,3
4637,2.48905672121856e-41,-0.536307581403635,3
4638,1.44898136066871e-31,-0.486780968276207,3
4650,4.45741099383161e-05,0.173538462588888,3
4651,5.6638731431414e-16,0.373250993016677,3
4664,1.35539963907894e-09,-0.26986268832964,3
4668,4.09238807506597e-08,-0.338302629982039,3
4677,1.46580090038429e-05,0.156957328666524,3
4684,2.28884923328813e-18,0.392731527404608,3
4693,5.5328084402479e-13,-1.37222538577841,3
4722,5.50587425287799e-06,-0.274375569112462,3
4723,0.000304842431640495,-0.163309728249138,3
4728,3.85729874197788e-06,-0.22974919991582,3
4734,5.77221796348628e-06,0.205575602804397,3
4781,3.85607423946779e-12,-0.416132006377712,3
4793,1.15246746568059e-09,0.327303777917716,3
4803,8.00584337467639e-50,0.855141691571869,3
4828,5.11891547516936e-28,-1.03545775856087,3
4835,2.02059563098438e-20,0.48675139555943,3
4837,6.30526256179155e-13,-0.418825899491,3
4839,3.49710143166755e-08,0.28866725643455,3
4854,2.16396527158681e-29,0.44776711101451,3
4857,1.69761804352243e-08,-0.532362715163665,3
4882,7.94849508253997e-06,0.191505126408504,3
4897,2.98874641964024e-27,1.32349391130735,3
4904,0.00136063496256381,0.132622325922348,2
4925,3.1509202209064e-19,0.341668590054903,3
4939,2.34557149224671e-09,-1.28817699680821,3
4942,0.000156134907460419,-0.17537071457032,3
4953,1.332276098557e-07,0.225884346633555,3
5019,6.81893800757357e-32,-0.506406309109937,3
5037,1.09016884376628e-11,-0.25404702129044,3
5069,7.85215427816296e-17,-0.371123537759762,3
5074,7.50747247169348e-08,0.30416011881901,3
5090,1.00486079681381e-06,-0.366867901932575,3
5091,8.32778496331997e-09,-0.318053244199521,3
5098,2.42337867158824e-27,-0.72324134466729,3
5099,5.7900632956568e-13,-0.616852632822339,3
5111,9.36921146987004e-10,-0.416740323455508,3
5116,5.2454222274219e-05,-0.284499332817587,3
5122,1.6953307936838e-39,-1.135136507731,3
5125,1.31401720176805e-37,1.22093616716817,3
5128,1.21477594977176e-09,0.381947920550164,3
5159,2.27368994587844e-08,-0.246039826813407,3
5168,9.373869315257e-44,0.559842101400304,3
5202,5.89109711380018e-11,0.31133567302536,3
5204,1.62733864974021e-05,-0.216428607962478,3
5209,5.35284925376056e-09,0.318245647911207,3
5214,0.00445461395730863,0.125558259930896,2
5216,3.38110158250833e-05,-0.152843910182925,3
5226,1.13547596592697e-15,0.277990514804454,3
5230,1.29398483491916e-07,-0.194096595864438,3
5236,0.000347996604990843,-0.178055942048734,3
5244,6.620461563463e-11,0.672957448748869,3
5250,2.70384989316049e-06,-0.183000774458944,3
5252,5.22000297409031e-10,0.283170298073602,3
5255,2.05707112164516e-15,0.588806975553449,3
5271,1.44144954738353e-07,0.238181298514587,3
5286,0.00135090275565694,0.151839516744658,3
5293,1.34706727993729e-07,0.243638883653244,3
5311,2.46170937890796e-13,-0.29688385048859,3
5315,5.21353639587243e-23,-0.296417461587943,3
5326,2.22389316409314e-09,0.295358423152924,3
5327,3.82473292738985e-10,-0.648511486671012,3
5328,3.58805956958744e-15,-0.33547537749966,3
5335,6.24890444566689e-09,0.248395881861667,3
5337,3.58159821996514e-16,-0.36348231492078,3
5339,4.84101600333386e-05,0.146224474145143,3
5351,0.00433423235911961,-0.137739946163147,2
5361,0.0058726611049362,-0.144775763643644,2
5362,3.17511675126597e-06,-0.298353413340295,3
5365,6.48534874702895e-05,-0.248418880081618,3
5366,2.69267870288587e-06,0.257957451367586,3
5376,1.52116214462661e-32,-0.581385750257805,3
5396,5.50464267293935e-60,-0.706507417795292,3
5441,2.37220432939727e-17,-0.42893209430824,3
5445,9.05333841466805e-09,-0.260063980382246,3
5447,3.16574733368883e-45,0.557868075776194,3
5452,5.13636778289957e-37,0.523945378103454,3
5465,2.46228173449442e-06,0.214225258788965,3
5469,1.35695453785168e-05,0.201129321181305,3
5476,8.70946838707827e-07,-0.162818186578581,3
5478,1.24779899416859e-06,-0.186997783909958,3
5500,0.000118006410843471,-0.15082278940022,3
5510,4.4205793337856e-07,-0.223003871903342,3
5516,1.93853808045571e-06,0.212790352601682,3
5518,4.94226000846184e-07,-0.200863914675573,3
5524,0.000877887732458455,-0.147498174723568,3
5552,4.35351940235523e-26,-0.610134403010605,3
5562,3.32138728800117e-06,0.202636985892136,3
5567,2.33662532342615e-09,0.257332735200996,3
5573,0.000888985244459644,-0.147147370994677,3
5575,2.17864905936208e-08,0.558965306960086,3
5576,0.000402670419244238,0.156672528123727,3
5594,1.0044652078136e-07,0.201422003343809,3
5598,2.54574677155495e-08,-0.33615902832855,3
5604,7.35036587821551e-06,0.204140850987411,3
5627,1.25498440887149e-10,-0.291689132674436,3
5651,0.000164860544967109,-0.181391609440057,3
5654,1.50670951003407e-21,-0.372097671684412,3
5699,3.5197577716492e-12,-0.349739729422412,3
5720,1.35478089705178e-06,-0.210402409855512,3
5721,8.34074530923501e-07,-0.22676570660387,3
5725,0.00137881765993776,0.137615100623551,3
5728,3.29435613264929e-17,-0.332176225304756,3
5732,8.98490315658796e-13,-1.32196290646941,3
5738,3.71285050526368e-32,-0.514133746780891,3
5763,1.68081682580946e-08,-0.204948594993613,3
5768,3.74145472910943e-07,0.187642047725042,3
5787,3.23811606250094e-10,-0.556973160225444,3
5791,2.28307666460295e-06,-0.51550925035523,3
5796,1.94957359849886e-06,-0.202586813949382,3
5797,5.27768282462489e-05,0.184772773509715,3
5801,8.13955589356196e-05,0.4724184521533,3
5802,3.69315439366272e-06,0.240430675494942,3
5806,7.3556061783349e-08,0.225825777411227,3
5819,1.30145081516321e-07,0.235727750289124,3
5829,3.45985991650152e-09,0.240056402583683,3
5832,8.30580445631623e-08,-0.256632893673752,3
5833,1.04788332638478e-27,-0.450152189362799,3
5859,0.000525716949751514,-0.152000408772308,3
5860,4.96033933201885e-05,-0.180390395748068,3
5861,0.000172142855874632,-0.146894352326122,3
5862,0.000518000757279492,-0.154280585346705,3
5865,2.06377039528335e-10,0.352600361363081,3
5873,0.000543969092170018,-0.16295762824926,3
5874,2.04436109537248e-49,-0.5936556183358,3
5903,0.00106687073636575,0.153104071360657,3
5916,1.68592428584282e-09,-0.332088297829146,3
5920,3.97707265254356e-14,-1.16284373533353,3
5971,1.26003701190723e-08,0.250075990445568,3
5973,5.14009842387358e-51,0.737421305108014,3
6016,7.71657388895691e-44,0.635686031553436,3
6049,2.24829524012183e-09,0.263058907007301,3
6091,1.50049653506011e-06,-0.287912752579504,3
6120,3.49353493145891e-06,-0.204758630017914,3
6128,0.00559486540941835,-0.117171647946312,2
6166,0.000237989105979185,-0.174633892250451,3
6195,1.72815056452536e-06,0.342674820600267,3
6236,3.50787868139012e-09,0.26665233102765,3
6237,1.00875907172782e-06,-0.217062289017433,3
6240,3.41418270189831e-17,-0.488558985384231,3
6251,3.69804637757114e-05,-0.188127179495405,3
6274,5.00430135716557e-08,-0.741450558358996,3
6277,1.56163210255625e-06,-0.205911473348645,3
6281,2.61912287472328e-05,-0.174227713146392,3
6282,1.87569675746166e-07,-0.204954453083445,3
6299,1.00224558560287e-15,-0.349107327082554,3
6307,2.78150277108852e-30,-0.442588003810545,3
6319,9.67028482704982e-122,-0.770044558386886,3
6322,7.91321136754891e-07,0.262673129416709,3
6334,4.66083154694476e-08,0.397755618609746,3
6342,7.27868041313479e-07,-0.223258846886736,3
6347,1.84341416566757e-23,-1.84907120458145,3
6374,2.95978786573458e-08,0.552147142425444,3
6383,6.96647701976565e-44,-0.563813396641936,3
6385,0.000103972091321356,-0.185242840904682,3
6386,3.22498066941684e-05,-0.143151895050139,3
6389,4.31542285778509e-08,-0.252225992142157,3
6400,0.000288142357546002,0.134652154955372,2
6444,5.89653372317173e-15,-1.75463667904039,3
6451,1.29778542329588e-23,-0.454370104728898,3
6461,8.56643553845779e-08,0.308657648426441,3
6464,7.59188621184454e-07,0.176223471140191,3
6472,3.67913159183352e-06,0.174572956236234,3
6498,1.87502000463183e-06,0.260286669812054,3
6507,4.00362555468932e-13,-0.572396636508146,3
6513,1.2934862464881e-13,0.332040296193237,3
6515,0.00221187397612479,-0.153002545792023,3
6520,4.35670036892085e-47,0.522421152598149,3
6533,7.27219602069276e-27,0.438104959865216,3
6548,0.000397642943080027,0.156103771526226,3
6566,3.25975403452502e-07,0.197073968754794,3
6574,7.77606940229537e-08,0.184250522092136,3
6576,2.19585630347588e-07,-0.218769707989356,3
6586,2.38235877247822e-26,0.390849244055172,3
6591,7.11272802390184e-20,-0.398915048375698,3
6609,3.00708827759158e-07,-0.244804160120555,3
6613,2.6334493310466e-09,-0.26112747337441,3
6616,2.04942326663289e-06,-0.861726481574059,3
6617,2.68253976282968e-67,0.737261163045036,3
6623,8.35704151883403e-14,1.94620680826379,3
6624,1.46057117846233e-08,-0.399280094731342,3
6640,3.84374575032947e-13,-0.301346659384788,3
6641,4.31944626242388e-15,-0.334107334018694,3
6648,5.44834783013553e-55,-0.551985586410171,3
6678,2.62517885931616e-46,-0.702913475609572,3
6695,1.15206724142242e-09,-0.303869614858676,3
6696,8.68305545405749e-13,0.263397888151647,3
6703,9.17142769648658e-64,0.808513358997812,3
6713,5.62280558087458e-38,-0.513086597624936,3
6714,4.48636468447872e-43,0.551722538710846,3
6715,2.12930980905984e-07,-0.351208923384304,3
6717,1.81739673839831e-06,-0.207862879723753,3
6720,4.50991951592495e-14,-0.277914323678384,3
6721,4.96191567603484e-06,-0.176808252734924,3
6772,1.81679239602969e-13,-0.315141628892967,3
6789,0.000121001543127411,0.174575995682827,3
6836,0.00417719376609563,0.121357117924533,2
6867,2.01780395760578e-05,0.184998295516941,3
6868,1.46635411417641e-30,0.46734899313876,3
6888,3.10548822913674e-05,0.18798748291509,3
6890,1.99145926378779e-05,-0.231169276326225,3
6892,1.13832530309729e-08,-0.275799315566199,3
6907,2.78372405268418e-10,0.248018834988007,3
6909,1.08931385454402e-08,0.468076559142936,3
6913,1.15472367295265e-07,-0.24344503610112,3
6925,5.98292920531923e-08,-0.627293894309003,3
6932,5.15855823702256e-19,-0.381296219419282,3
6935,8.2333157475724e-08,0.306688971023839,3
6938,0.000557736861920026,0.159081676166025,3
6944,4.74864702986186e-07,0.24868803623836,3
6993,1.14228125926065e-08,-0.270139390681057,3
7005,1.21002314404496e-05,0.355194243682467,3
7009,3.4085315718397e-07,0.166675511330153,3
7025,6.24569314150503e-21,-0.859098296218425,3
7027,6.21291683285037e-07,0.2226787391086,3
7042,3.41286903547304e-45,-0.873307529556359,3
7045,5.59735823905627e-48,-0.576897049680862,3
7051,3.92135114515312e-15,1.11894553652562,3
7052,5.99565436770658e-72,-0.850453060326038,3
7058,2.64572196838508e-33,-0.514925918415873,3
7059,9.31999341505144e-07,-0.254418993372558,3
7076,2.31289004875712e-07,0.216031964510216,3
7077,7.6310570282357e-18,-0.30723729871327,3
7078,3.88670611218792e-43,-0.605667843254526,3
7082,8.59585957865622e-09,0.241510057774093,3
7087,4.64948873412751e-06,0.509131462394263,3
7095,0.00283479245090008,0.13695758848425,2
7098,1.2960662138246e-14,-0.998446984145429,3
7102,1.26242473162802e-06,0.672042778784165,3
7107,1.62239685828535e-06,0.362170080076985,3
7114,6.43550739366324e-41,-0.463055765602151,3
7127,3.22418715991256e-05,-0.199732760136484,3
7128,3.95790204507857e-16,-0.459771682518427,3
7130,1.10927163711073e-13,-0.601082025811682,3
7167,1.59329702414788e-10,-0.222197962010197,3
7168,2.05651320752562e-50,-0.624466656418146,3
7171,1.17478863583621e-23,-0.31476411094837,3
7184,3.98796460684072e-34,0.364442978998327,3
7187,7.14883137810252e-12,0.285384063025489,3
7190,2.18051534004275e-06,0.410438280121737,3
7262,1.07131568163708e-12,0.324100960848159,3
7263,5.24937730387194e-10,0.565601833096421,3
7291,1.94275392833657e-35,-0.667398773175152,3
7295,1.48330918394479e-13,0.288204014218709,3
7296,8.41132981455005e-77,0.606284034214732,3
7316,5.89963075410437e-19,0.295832926697895,3
7318,2.17733483120841e-13,-0.457964433707611,3
7325,1.24899904554444e-12,-0.39528626497225,3
7328,1.76230605646789e-57,0.520312295245469,3
7343,2.16372291318459e-08,-0.254438091226308,3
7345,0.000740741338801067,0.13022953393679,2
7347,1.23990704939445e-06,0.257748445068541,3
7353,8.81990153158047e-06,-0.215068363880417,3
7357,1.17582503176609e-23,0.39747947559803,3
7358,4.84160674696192e-23,0.465768719991628,3
7378,1.54989729206305e-33,0.470154823298654,3
7384,0.000751196435564926,0.145162782498703,3
7385,2.60551421485167e-05,-0.181892730265619,3
7414,0.000161286986988217,-0.156131661247861,3
7422,4.45032855715181e-13,-0.283057867914021,3
7424,2.41478203173119e-40,-0.727071767297202,3
7425,7.17628696075803e-14,0.398261666221569,3
7430,1.58471590219714e-25,0.492435153199345,3
7431,1.40485851279843e-21,-0.279636332472918,3
7439,1.75547502151713e-17,0.282151367324613,3
7450,2.46738741595667e-06,-1.21803313808229,3
7474,3.48998965021562e-20,-0.444989698211621,3
7534,0.00323032859176173,-0.114204726649827,2
7706,0.000355480045029699,0.144693747431023,3
7732,2.92332816906444e-38,-0.808471230798011,3
7771,8.60606077360101e-07,-0.635584759049342,3
7786,4.12981699648372e-06,-0.21384494348179,3
7846,4.09813266920645e-08,-0.292878007993885,3
7849,3.99393386194854e-54,1.04492464140911,3
7857,1.52485861307581e-07,-1.01824626458653,3
7869,5.28501078254555e-08,0.381800475320405,3
7873,1.93011925290842e-14,0.288688320791517,3
7905,8.86035015396608e-05,-0.194466363223368,3
7916,9.83938306922564e-06,0.18881495958279,3
7975,1.13690001344182e-09,0.292112922719922,3
7980,8.46622904094637e-33,0.443104563963032,3
7991,1.53418103217983e-43,1.36068503582584,3
8031,1.07116527910276e-08,-0.22179389701265,3
8061,1.93856129016129e-108,0.922648912670458,3
8085,2.28925073151376e-07,0.258174822680993,3
8140,8.08823295901095e-06,0.160678934268263,3
8202,1.15174969546814e-20,0.371722186782958,3
8216,1.39287976185084e-09,-0.294648932113117,3
8237,1.58577541185806e-34,0.522499511394778,3
8394,0.000204063640385982,0.18217009739812,3
8396,2.72948439978711e-07,-0.221686504843555,3
8406,1.26665878607559e-26,-0.451879289597541,3
8407,2.03196009299206e-22,-0.365371282810649,3
8408,1.37418814563562e-13,-0.334239341877117,3
8411,1.10961882884394e-12,-0.445403472364545,3
8412,8.40124489542135e-07,0.345936554421874,3
8420,6.46301220030031e-07,0.278239687060074,3
8443,2.70120072011419e-06,-0.211054719060682,3
8450,8.81322788902705e-07,-0.229316222785404,3
8452,3.30027577830296e-17,0.340435808692722,3
8473,2.95265467441376e-05,-0.231349204076888,3
8480,9.44799050226735e-10,0.267692776502487,3
8501,9.82112210045168e-11,0.710311075764202,3
8503,2.95643804089887e-07,-0.354238100502636,3
8505,6.9489985933693e-16,0.324483559050152,3
8506,2.23614711646692e-11,-0.389476586931447,3
8508,4.65754955230837e-08,-0.235389554454419,3
8509,6.03845553753055e-07,0.339098939519402,3
8531,2.78381088956866e-11,0.252052650598286,3
8544,8.8214238440118e-19,0.463270761636075,3
8553,1.8971482754173e-07,-0.266161376268115,3
8566,1.58026862039236e-10,-0.241855895716964,3
8570,3.93170806760541e-11,0.256417199754305,3
8574,3.3642714653807e-09,-0.269721990402441,3
8601,2.26509545993153e-06,0.262866529742058,3
8604,3.05043411243098e-18,-0.485548178189343,3
8605,2.6542912729128e-06,0.416292042287825,3
8607,4.78537868929143e-06,0.200120775069514,3
8609,3.36953897807454e-18,-0.409416865556958,3
8613,3.97752176300049e-15,-0.356789930197921,3
8614,6.73974855301064e-56,0.583686074213661,3
8618,8.66856835048082e-71,-0.841027697813536,3
8629,3.16671950236676e-10,-0.441108943043855,3
8644,1.91751347717986e-13,0.49187856622413,3
8677,6.99429208178093e-17,-0.35261834411537,3
8714,1.98956438627411e-26,0.473749246507358,3
8721,0.00470986482860245,0.133903256276376,2
8728,6.78480268410722e-10,-0.74156152484684,3
8731,3.30826333579512e-07,0.215326136397762,3
8764,4.44387386416812e-05,0.190443111897255,3
8775,0.00136078757770886,0.141529652727242,3
8793,6.2222467111286e-14,0.398804538034866,3
8795,2.20280488329125e-07,0.18641058581644,3
8815,2.67458581348299e-06,-0.212046714464818,3
8821,5.59410561762448e-09,0.356024025559817,3
8828,0.000116725774798776,-0.148574724976997,3
8863,1.61957209091105e-05,-0.256463210001505,3
8870,2.40386280562589e-30,0.470140483086597,3
8877,7.9112604127642e-35,0.564111891758504,3
8878,1.22401468756495e-76,0.601999278847364,3
8895,2.01413118832254e-07,-0.215999960145288,3
8907,1.1857657595871e-06,-0.209100500513957,3
8933,1.15269105225539e-11,-0.28728817414749,3
8934,4.98141997943737e-05,0.187566917497739,3
8935,0.000494880432941994,-0.161611902001817,3
8942,3.42840087467473e-29,-0.388715961749571,3
8971,1.08769716031125e-11,0.287935077057308,3
8974,7.77096482310763e-16,-0.286113753057006,3
8996,6.29028652609725e-07,-0.341987214882323,3
9019,0.00114944388268252,-0.164686475174873,3
9021,7.02983045182398e-10,-0.533271609158707,3
9023,1.31211210181249e-16,-0.553898649019211,3
9037,1.2458347918774e-23,-0.964515885579018,3
9043,0.000236609367333315,-0.160022665256126,3
9052,2.58798294774955e-12,0.291531727595665,3
9061,4.55854739613293e-09,-0.251893323816392,3
9064,2.94823966544633e-18,-0.511024784502197,3
9069,1.12623707237584e-08,0.258490590715367,3
9076,2.7556444533366e-08,0.329299946721206,3
9077,2.84333421417682e-11,0.490589157900701,3
9093,1.24905170881724e-07,0.26327368314667,3
9096,3.66075491331667e-16,-0.583019858197752,3
9101,0.000590126189066823,0.163565128371893,3
9123,3.94511952980745e-07,0.234904165734863,3
9127,9.20089502398326e-10,-0.315832189802599,3
9129,3.94101667603845e-06,0.212787103583733,3
9136,5.76667412255918e-10,0.390469247991661,3
9148,3.33995317440706e-17,1.46362944475783,3
9168,5.5946110699694e-34,-0.395095798217517,3
9180,0.000739623051254552,-0.166027559341707,3
9194,2.29649984825921e-15,-0.386076061152697,3
9201,1.3514162677388e-37,-0.597351588248277,3
9240,8.85365310113641e-11,-0.263850615514347,3
9242,0.00264281650510128,0.137968604039569,2
9246,0.000109141861624453,-0.190840055184356,3
9249,4.71681482259817e-83,-0.884435793090784,3
9263,9.97382897129e-06,0.227231779004197,3
9270,1.49129737273517e-09,-0.256169656454124,3
9289,7.36223850947224e-08,0.199392236258469,3
9315,2.50488122596462e-13,-0.721566816120283,3
9341,8.6186146085156e-05,-0.164521834983858,3
9351,3.63831351212516e-07,0.891005503372429,3
9353,8.81752405155643e-11,0.93248762192223,3
9369,5.75330063502626e-18,0.550488957499447,3
9379,5.38370017521739e-20,0.407002325286595,3
9388,4.89876964777227e-12,-0.406962207935887,3
9398,2.73239275856214e-16,-0.554980533974379,3
9414,9.49490821230446e-08,-0.258093296730196,3
9415,8.11294138090373e-12,-0.312577856897069,3
9455,1.33381315743976e-07,-0.248465226599065,3
9459,9.24796817211606e-09,-0.245347428280701,3
9469,7.98921286830974e-13,-0.459319896348362,3
9498,2.48087036869565e-11,-0.473998262321866,3
9500,1.22602105407212e-11,-0.365250912056413,3
9510,5.06779096895336e-16,0.390386504357955,3
9513,3.31616996194225e-06,0.211183244625919,3
9516,5.40564238527216e-06,-0.193992185951619,3
9518,1.35953460838972e-82,0.650736853753498,3
9519,0.000141170448988862,0.303735414927069,3
9531,1.92336519099275e-31,0.457516858693296,3
9536,1.08457900287839e-115,-1.05730901742317,3
9546,1.95184055495193e-06,0.338018550779453,3
9554,2.25130625691519e-09,-0.220815224883277,3
9559,0.000183959325947139,0.153555268288688,3
9564,3.78389144669787e-07,0.218881693045046,3
9570,1.80695309852586e-06,0.219770021344458,3
9572,4.16984236349043e-14,0.335673541898222,3
9575,6.52436817228408e-06,0.203888795778175,3
9589,1.19694137160479e-62,-0.658737404357651,3
9590,1.95327526551562e-06,0.193033602553143,3
9601,3.62365264050926e-21,0.3186397995726,3
9645,3.6092806271113e-17,0.283930940676496,3
9649,1.02546387869242e-06,-0.457118236587171,3
9652,1.02650435162581e-05,-0.190502471321746,3
9659,7.61880624183994e-11,-0.282234393791644,3
9663,6.98776594704783e-26,0.436503949015613,3
9672,6.85108987246525e-18,0.4468229739046,3
9687,5.8422773456224e-08,0.265691793829116,3
9693,0.00103754314492138,0.164192294631442,3
9697,3.74883662731882e-07,-0.217548126838046,3
9723,7.13405454040137e-16,1.15122539124764,3
9741,0.000763576017621378,-0.137016330884892,2
9748,1.71959339980679e-06,0.212829770035452,3
9783,4.0547821669092e-10,-0.241946965951343,3
9786,1.45100725750496e-07,0.332575012878482,3
9788,1.16893132683851e-35,-0.592837542331736,3
9805,5.94155925307648e-23,0.357994041539837,3
9817,2.39784040542309e-11,0.285838957086151,3
9818,1.99712036890616e-06,0.235282694978106,3
9820,8.12333722343021e-07,-0.258636323505313,3
9821,0.00167215865419726,0.15189584704355,3
9829,5.17192528198979e-47,0.604709641570985,3
9832,4.11161179849253e-14,-0.317109855228669,3
9839,0.000832351039182267,-0.164790729278677,3
9842,6.39245622027712e-07,0.232716781088575,3
9848,3.31464115715307e-07,0.221299889145257,3
9852,6.81633203017081e-06,-0.339859716919381,3
9853,1.61488178948229e-24,0.440690556229051,3
9858,2.22061849833245e-12,0.344300648497987,3
9874,5.79623517232818e-10,0.24528945901547,3
9882,6.76218750930312e-31,-0.812349830533384,3
9886,1.45401452879098e-08,-0.592768424711968,3
9890,1.45090964722056e-32,-0.492811618677794,3
9900,2.71388751419335e-14,-0.293701848212307,3
9917,0.000140095936037691,-0.18064299141595,3
9921,0.000104668215079641,0.151108051533247,3
9923,6.02246287471463e-11,0.309207842486498,3
9935,1.93324081398663e-19,-0.760544087232735,3
9956,1.39432856969748e-06,0.655349630548818,3
9961,0.00361638003136637,-0.129691925329886,2
9969,2.0741518490638e-06,0.21165850231243,3
9975,1.84843191611744e-21,0.337146400553732,3
10007,7.32292633522985e-11,0.273668454105833,3
10013,4.2207564903341e-06,-0.245386966612013,3
10014,2.0994857133178e-07,-0.283123569441738,3
10019,1.70399938584359e-06,0.190235337805207,3
10046,2.0856890650884e-09,-0.775865794820957,3
10051,1.85026218714632e-07,-0.301482961131063,3
10060,5.28049733780784e-12,0.49865112180783,3
10082,1.31331043856822e-39,-0.605711245605204,3
10085,8.58323144479947e-05,-0.209306786150433,3
10090,7.83188534619871e-06,0.207475698114075,3
10092,0.00058110166858141,-0.161491983546116,3
10095,2.97219287053428e-06,0.191918215997847,3
10099,6.33853079883414e-09,0.227993027432492,3
10105,1.2778569331289e-36,0.557682494589636,3
10106,0.000915045309624451,-0.139218652789672,3
10123,2.60223355888152e-27,-0.43412603714694,3
10128,0.000593236305102135,0.142710659234777,3
10135,2.07439465247156e-29,0.344298929079443,3
10204,7.7427824167179e-05,-0.204874429755288,3
10237,0.000925627183391683,0.178437085914516,3
10263,0.000145825419575973,0.175915372935963,3
10270,4.39673020411034e-06,0.27141234680275,3
10289,4.24236863148898e-06,0.223702197847848,3
10290,5.0930199826793e-11,-0.324950022978962,3
10312,3.27977751995783e-16,-0.320435650273506,3
10314,5.330916901508e-05,-0.185127865026683,3
10317,2.15740773255083e-10,0.851110657121365,3
10346,7.56956341218585e-25,-0.444072740338175,3
10370,1.69016122948706e-07,-0.466997123144869,3
10371,6.22938382004173e-09,0.477246032035774,3
10381,1.90252113189546e-32,-0.568909087754909,3
10384,2.33596128326222e-12,-0.584544566116469,3
10395,7.06802544576469e-09,0.247542097916232,3
10398,2.08311045332183e-19,-0.318832423449749,3
10404,3.25431322187967e-15,-0.396783333433173,3
10419,6.16651040427656e-09,0.301003132656885,3
10422,3.48678121208618e-09,-0.295333415438437,3
10425,3.71680426482187e-15,0.322174693387543,3
10435,1.41844106239077e-07,0.407871812837879,3
10437,3.6752152918305e-27,0.472719868953864,3
10451,1.54379438544601e-11,-0.765712524449491,3
10452,8.7329074958439e-13,0.317644823417135,3
10457,0.000718263637657473,-0.126695422793745,2
10458,2.49388547029992e-07,0.231425434388153,3
10477,5.45487883740605e-12,-0.299451770964738,3
10505,4.99527839207081e-06,-0.253878006185902,3
10512,1.92537387003323e-24,-0.450331960630014,3
10525,5.86586029278359e-12,0.222920312381317,3
10550,1.9532524694619e-12,-0.284755323387207,3
10564,0.00443015792712118,0.13351449554027,2
10570,5.06817493961696e-14,0.531213770699518,3
10576,0.000628210855402662,0.154565822309766,3
10589,1.35248073594703e-09,0.279638862915126,3
10602,0.00530529503580938,0.135889361622628,2
10608,7.29653403934765e-09,-0.380531038112709,3
10609,4.88888654254843e-07,-0.332785193590292,3
10611,3.81255825172925e-06,-0.20030565471068,3
10617,3.55299341238347e-06,0.214462416026906,3
10623,3.04736513081309e-17,0.405242352160269,3
10626,3.0316031977001e-58,0.654407207287536,3
10630,2.42232813739412e-34,-0.685725964564681,3
10634,7.72328459213808e-08,-0.302877400230004,3
10644,1.14639918626676e-08,0.258164262770454,3
10682,1.46512640502423e-15,-0.54413501135894,3
10687,1.70687099214575e-30,0.477393373323903,3
10724,2.07300618429846e-05,0.192283154130798,3
10769,1.88160306456488e-19,0.398735153691959,3
10808,6.17535338765442e-06,0.188576563533836,3
10890,0.000871942907932183,0.134154576606405,2
10898,2.12438124429857e-20,0.409737358103326,3
10905,0.000173657045281681,0.174706945725875,3
10920,2.79138377108436e-05,-0.184979243401133,3
10947,8.50055743760323e-07,-0.284020309370391,3
10949,0.000134119802863849,-0.174080295353455,3
10962,4.576498181318e-26,0.455119950511016,3
10971,6.44317704847196e-05,-0.149384133026164,3
10972,0.000190087615555598,-0.139540082250081,3
11009,8.33469726756315e-10,0.815816705483424,3
11010,4.36707337869938e-16,-0.409054765377766,3
11015,2.33283436999263e-18,-0.495559980260625,3
11031,1.05031724103153e-18,-0.345757157326299,3
11034,4.54928850679318e-09,-0.235933377144505,3
11047,1.3303120401047e-12,0.295152668602994,3
11078,7.99199363424495e-08,-0.228668328015451,3
11098,4.57854703662244e-16,-0.409656204675948,3
11100,3.1693769608116e-06,-0.207035184245885,3
11101,2.0839126188501e-06,0.279050013452314,3
11107,5.4441006134465e-07,0.524800691797007,3
11118,7.92559803663378e-40,-0.890383154485476,3
11119,1.03983359290101e-28,-0.796054904846176,3
11123,3.64309666178622e-05,-0.555705129864225,3
11138,1.89262738506644e-06,-0.306112922417828,3
11140,6.46407808264069e-12,0.255927036540515,3
11145,2.79418814854625e-16,0.363088522721302,3
11153,3.54778908535264e-24,0.423501939324791,3
11161,6.44616112565646e-15,-0.365346508397086,3
11174,4.67505491839677e-07,-1.33575874796506,3
11199,3.56794684767533e-08,1.26525784480747,3
11226,1.22076472412809e-07,0.595920164306763,3
11227,1.21891525103048e-06,-0.879065414299788,3
11253,9.01813112572211e-15,-0.333300277851677,3
11262,2.25422001210784e-08,0.820920030775824,3
11273,8.86764800361227e-07,0.202266054194577,3
11309,1.570637215087e-25,0.70463175712119,3
11316,1.06337069663399e-05,0.181416379389025,3
11328,2.201863453326e-07,-0.232955547493572,3
11337,4.27225094577896e-07,-0.209195030743722,3
11343,6.90537051169599e-09,0.240829767660071,3
11344,9.06645429726452e-15,-0.307640397056999,3
11346,1.97977019226746e-26,-0.781426069140924,3
22809,8.76358552403562e-19,0.353193383356954,3
22841,1.29481426772057e-08,0.247143752483213,3
22848,1.18906732399666e-08,0.240965596372082,3
22853,8.61957692006605e-15,0.365313145310733,3
22873,7.42118760458239e-28,0.568140700197413,3
22880,4.72050265500745e-10,0.274911844448992,3
22885,4.36240624282485e-14,0.253608317588666,3
22906,4.54382143194448e-07,-0.254456038463893,3
22916,0.000449670337998045,0.17536652756496,3
22927,8.07450634538214e-07,-0.222996790674633,3
22928,9.10548052308592e-23,0.368687268449991,3
22949,4.76879196354009e-50,0.633191597611361,3
22978,9.32167920732977e-09,0.25853797398945,3
22980,8.92413866493775e-09,-0.255930959783248,3
22983,1.73109336783847e-11,0.540621336698427,3
22984,6.49517919230126e-12,0.302649851992813,3
22989,1.17373581991038e-09,0.73073641334037,3
23001,1.92169745103799e-05,0.206597752021334,3
23017,6.10905821862589e-26,-0.43123980897863,3
23019,0.00342028358430398,0.137307901115173,2
23022,4.51236243643886e-14,0.307767481628801,3
23024,9.46227842285262e-49,-1.03476679435062,3
23049,2.41270609437442e-08,0.258250862369788,3
23051,2.89800213377121e-08,-0.301196932396734,3
23052,3.63530469446081e-29,-0.765734669805172,3
23060,4.08368773596575e-09,0.259101452080364,3
23071,9.61259484656326e-05,0.184165294449003,3
23072,2.1383259333927e-06,0.222151187561246,3
23086,2.95755011940749e-09,0.968007259391881,3
23089,1.72857373570842e-18,-0.350351376084086,3
23093,1.27288176498849e-05,-0.215750273685548,3
23130,6.40132830267226e-13,0.302346500434099,3
23132,5.60881251414377e-09,0.325747690164329,3
23135,1.93565266043046e-09,0.28147774645128,3
23158,4.43185355010519e-10,-0.269087555052104,3
23164,1.17615375738492e-09,-0.287425606736037,3
23175,2.97329232487396e-09,-0.237622170412795,3
23189,1.73239763983336e-10,-0.987438796786226,3
23192,9.34461670425386e-11,0.307481430098793,3
23193,1.7710181966563e-05,0.148335724729549,3
23195,3.3885351461737e-13,0.332504221844066,3
23197,7.00992872496585e-05,0.190551649796394,3
23198,2.62176600846476e-09,0.255320864703474,3
23207,0.00010197036384579,-0.170742345317851,3
23208,1.53735606831339e-06,-0.205492823133824,3
23215,1.27971584306733e-05,0.211697814983296,3
23218,1.39602276075461e-06,-0.408854555171966,3
23223,7.84946332249135e-09,0.271005823481492,3
23230,1.14710038906875e-06,0.230419055237975,3
23231,1.25871269876171e-11,0.236075662683624,3
23241,0.000523413912727757,-0.165940868077613,3
23250,1.5290635170717e-06,0.39270957550346,3
23263,8.56744575682803e-19,0.300097600171287,3
23266,6.00764797943033e-09,0.2921135746284,3
23293,2.7015166854438e-06,0.222410889412586,3
23301,1.60738767820203e-05,0.218274348078796,3
23306,1.02863689780664e-12,0.306136936179432,3
23307,2.04677670100233e-08,0.242590747925413,3
23326,1.3046963811136e-06,0.174734130258776,3
23328,2.11249934326677e-10,-0.263219471537572,3
23341,9.01299033440622e-07,0.243042178511725,3
23350,4.52509850773658e-06,0.204114839477327,3
23352,1.87270084615122e-19,0.348142467084474,3
23361,3.7958632463464e-11,0.331434128561176,3
23362,0.000981736480082974,-0.185735529159829,3
23367,9.84274648205409e-08,0.190875895376885,3
23370,8.74207827614866e-05,0.191310497022241,3
23371,2.34208898278317e-07,-0.280678589117297,3
23381,0.000612025115631128,0.164108677552284,3
23384,6.56317446756602e-08,0.235982230944981,3
23400,1.08729184281413e-06,0.236290178111264,3
23406,1.61049858344973e-15,-0.290556967426578,3
23420,0.000300375380838514,0.156115133629678,3
23428,3.83578627574932e-34,-1.20778418522403,3
23450,0.00079540014427604,0.157525460898241,3
23463,2.3379357205582e-05,-0.250868198616185,3
23464,8.31665141449855e-09,0.364084661667596,3
23467,1.84734014810942e-18,-0.347236194374339,3
23471,1.61075279917227e-05,0.156386488224614,3
23476,6.19570894235454e-10,0.259278548231166,3
23480,4.74298560088404e-05,0.191230420390561,3
23492,2.33243232591146e-06,0.266013769113562,3
23516,2.05760689327908e-05,0.147239515519036,3
23534,0.000809170680189251,0.141848812683517,3
23545,2.18619590414382e-18,0.385780489367092,3
23580,2.91000756152941e-07,-0.239450582770267,3
23607,2.23306169764288e-06,-0.229352755315186,3
23635,3.88602189403532e-21,-0.622794277948884,3
23637,5.29180499842414e-07,0.236836807734876,3
23642,4.03434943028336e-05,0.255121657925007,3
23645,7.03173518209965e-28,0.415780007350786,3
23654,0.000144972727626107,-0.15823589603702,3
23657,3.980873297393e-67,0.599352512169415,3
23659,2.34168899336646e-07,-0.324185149326969,3
23671,1.73020768137952e-08,0.596839740751942,3
23682,1.73897391561452e-08,0.548834625842139,3
23708,1.67835233076918e-06,0.312186622316993,3
23710,9.65655672995953e-08,0.220523775232894,3
23731,0.00031364637474687,0.154961432868286,3
23743,1.42648314638542e-31,0.510675133798185,3
23753,5.59454212743473e-15,0.338566217572971,3
23760,1.7796009845019e-05,0.196924280306942,3
23761,8.86465106413045e-09,0.321194086421499,3
23762,1.98282540552563e-07,0.226818037706739,3
23764,3.45397673941062e-47,0.561129908128458,3
23765,4.16167917678071e-19,0.362033142916533,3
23767,1.53961607866607e-13,-1.49033151042261,3
23768,8.58516071753751e-27,0.418153972455792,3
25759,2.25486119895812e-15,0.740899560961776,3
25769,5.96410534305114e-07,0.367131484813063,3
25816,2.38813752792892e-13,-0.51662886194975,3
25825,3.18784572700653e-06,-0.203670912622651,3
25840,9.20607903459239e-16,-1.09506832166322,3
25842,1.08282336376967e-06,0.22440519312767,3
25849,3.44777432437636e-27,0.550771707751886,3
25874,5.18861883109933e-06,-0.22742486256134,3
25894,8.51349116011331e-33,-1.07766342492529,3
25896,2.12333872529172e-05,-0.289759719695162,3
25903,7.93524993429071e-06,-0.707788034626137,3
25909,1.84425628408672e-07,0.224958823943033,3
25912,0.00139296282846353,0.133753046343351,2
25925,2.63801704058367e-12,-0.39824235054543,3
25934,5.19557244002919e-07,-0.299615317989568,3
25959,5.74582068983836e-17,-0.346315950826727,3
25960,1.30346080843842e-05,-0.390606407987882,3
25976,5.6529803346258e-13,0.585099438103526,3
26002,3.51188490921068e-12,-0.45292094728799,3
26007,1.93257310097436e-06,-0.204031912909708,3
26010,2.48989061907102e-08,-0.23336452331337,3
26012,1.95829520889114e-12,0.316393853012657,3
26018,3.10321200322154e-08,0.251656483101442,3
26035,1.44172182469838e-08,0.265171149118222,3
26060,5.93259126449048e-09,-0.251434630594484,3
26090,2.72664150201034e-12,-0.321817958751618,3
26115,4.31640019614399e-06,0.210969331696349,3
26127,3.79257128614397e-08,0.251645760192334,3
26156,0.000172851517627876,0.16366505964203,3
26157,1.14999889130641e-10,-0.841452268553869,3
26175,3.77187434172696e-19,0.475611607459577,3
26227,2.67836387621737e-08,-0.202611298184884,3
26234,4.4573088554527e-06,-0.221982657344642,3
26355,2.35022029680642e-08,-0.441902960807922,3
26504,3.26646067637430e-11,0.344477724922626,3
26509,7.20255121634087e-12,-0.247690954153644,3
26525,6.68372789507777e-19,-0.328632956256597,3
26578,8.3335445610874e-06,-0.288264435085897,3
26585,1.76818117428901e-67,0.803950999051621,3
26608,5.1731348727775e-08,0.236924247193622,3
26999,3.44558376977398e-14,0.309879568444694,3
27020,0.000563019286870726,-0.159953417880067,3
27040,3.63175100703663e-07,0.275693024551023,3
27075,3.13447868832345e-08,0.370976433586124,3
27122,1.92833778824959e-10,0.438122075303518,3
27125,0.00462282864567648,0.145883733019322,2
27132,0.000119726876476056,-0.193956216509187,3
27153,2.31252377458123e-08,0.333851844349544,3
27154,2.2254087021028e-11,0.458491493991531,3
27177,2.3750236056102e-11,0.239203392139939,3
27230,0.00013218802183044,0.146342474394945,3
27239,3.48823425591531e-09,0.878363707441045,3
27314,4.52121722300953e-08,-0.720967702008948,3
27315,1.35444418993326e-06,-0.344686566853559,3
27316,1.98562580919675e-16,-0.333961372012034,3
27327,1.03582152534787e-05,0.197903466038758,3
27333,9.7833763997165e-16,-0.359191884238825,3
27346,4.58299535973551e-12,-0.48276999812766,3
27350,1.67568148683662e-24,-0.416395056509881,3
28951,3.70468464354413e-14,-0.72748049675229,3
28962,0.000281410473072348,0.147250394942565,3
28966,1.07687530377095e-07,0.228138750050187,3
28978,8.30144426709787e-14,-0.453378300735213,3
28996,1.45711321630379e-20,0.381005461369805,3
29015,6.58634918480107e-06,0.164361306004627,3
29085,1.75323683058108e-05,-0.211621708645514,3
29109,3.60060865401087e-15,-0.419594603158512,3
29767,5.07794257842309e-07,-0.395767527608224,3
29803,3.13519535678509e-05,0.179682673717946,3
29903,7.79607369268707e-09,0.302377449415924,3
29927,0.000196249561743733,0.127500315817051,2
29934,2.22416255383932e-07,-0.228580638951567,3
29948,2.1408102264502e-91,0.940384755075589,3
30836,1.12064128884935e-08,0.282975545034093,3
30846,2.72972347708582e-07,-0.215385856531856,3
30851,1.70457564827545e-08,-0.315344037093633,3
50484,2.87128959962642e-06,0.194519155631381,3
50488,3.8906954253612e-07,-0.231829569108833,3
50615,2.45774152606195e-13,-0.363808867237665,3
50649,2.39334135629807e-06,0.200807357716274,3
50804,1.36931695512107e-18,0.503301670198099,3
50854,8.85621710537759e-09,0.295080488115526,3
50862,2.71852875990582e-07,-0.257371167988942,3
50944,3.33555596239835e-12,0.468406374438695,3
51056,7.27815973826464e-06,-0.192918212304392,3
51075,1.91477123339657e-05,0.206191582883745,3
51088,6.68892236064694e-10,-0.226828457042364,3
51098,2.19343458503728e-05,-0.190492194736543,3
51108,0.000210508714673523,-0.160917056655381,3
51128,1.245386498517e-05,0.196731017577381,3
51149,2.95080575992309e-69,0.675642135946292,3
51177,5.4179095970052e-10,-0.25713689038748,3
51200,3.55425457616815e-16,-0.766884615960333,3
51232,1.8171880048124e-08,0.241616993270217,3
51274,1.16559949972733e-05,-0.21177522005039,3
51280,1.82300604678837e-07,-0.215489800656034,3
51286,3.89988953349077e-37,-0.536739265545788,3
51299,1.64224792443379e-06,-0.288533666786149,3
51303,4.70492786503744e-06,0.550461130942325,3
51306,3.10966295513719e-16,0.423247571405293,3
51307,3.15491127582926e-08,0.240617482908193,3
51313,3.0272070485091e-26,-2.50536726135745,3
51319,1.29339884899292e-12,-0.368240848069239,3
51321,0.000233488308656467,-0.176165345850204,3
51322,5.23990527670849e-07,0.196581349710358,3
51330,1.33696866582058e-16,0.460058435215439,3
51339,5.60144822549531e-11,-0.451528382779686,3
51341,2.45237154331689e-05,0.178076889937621,3
51364,2.62140434337749e-09,-1.32287542824367,3
51375,2.17401076585185e-10,-0.281638844232318,3
51389,1.38053361378191e-06,-0.247069142073034,3
51390,1.25298392171602e-05,-0.240692398159353,3
51429,4.56632321105178e-17,-0.296572982809394,3
51449,1.5962468585009e-10,-0.274738075100855,3
51454,5.1080652377983e-08,0.245380644789008,3
51474,5.16909601701395e-40,-0.518981957208998,3
51523,3.3973391494972e-07,-0.224704916098565,3
51561,4.52655084712933e-14,1.33840107705241,3
51566,4.25146280744352e-06,0.193199650361955,3
51567,7.54068654002159e-08,0.237333073379428,3
51582,2.01876366866643e-06,0.196906715295699,3
51621,5.81206125556366e-13,-0.305677753926186,3
51665,1.07961860037762e-30,0.423539633565595,3
51714,6.80982430882013e-13,-0.324471027985402,3
51715,6.10351470207781e-09,-0.317478611227773,3
51726,7.86780627858673e-23,0.365204330519516,3
51776,1.78559471618056e-21,-0.357275222425861,3
51778,3.77737493812931e-06,-0.677351229786476,3
53353,3.12137359754343e-12,0.396987123276505,3
53354,3.69014973875305e-07,-0.680960060606269,3
53358,1.66111661245116e-05,-0.414565644242731,3
53373,9.50408170294912e-12,-0.274192807397203,3
53615,5.36211417351359e-05,0.190324740224542,3
53838,1.05347412578376e-24,0.438436772290014,3
53918,4.70772360565868e-06,0.223076324304554,3
54187,7.5761406684665e-05,0.22755217285376,3
54206,7.64117152065519e-07,0.212598103451917,3
54407,2.20997396490382e-05,-0.17110684873111,3
54434,0.000550567301142752,0.177017238171273,3
54455,3.21564717899639e-10,0.279640986180285,3
54463,1.98038450727396e-07,-0.247935058772577,3
54471,2.3097580157811e-07,0.234599136926066,3
54495,1.9882985658783e-07,0.231121847606276,3
54510,3.07390984311128e-26,-1.29071956012328,3
54518,3.48445997636536e-18,-0.518825527089594,3
54541,8.27255141453778e-05,-0.148315388117081,3
54587,1.48490317514852e-23,-0.607426850692623,3
54620,6.02727245033122e-06,0.221606539885131,3
54629,5.77811525345755e-18,-0.391719173693925,3
54664,1.41179373431963e-06,-0.214630142368078,3
54674,3.36038856646502e-22,-0.871594478577563,3
54739,1.4125579768228e-07,-0.501653953078331,3
54749,1.29369494810017e-08,-0.236348432979307,3
54756,1.83033112061291e-05,-0.49125340086406,3
54776,5.3887842790105e-09,0.234927669755876,3
54809,8.90038717785062e-09,-0.372430377838915,3
54815,1.17602301319356e-14,0.320846480406052,3
54839,1.22328009095343e-06,0.253280640328599,3
54863,1.17804862102818e-08,0.498833147007198,3
54873,6.9738891568297e-53,-1.24964590670878,3
54896,1.97682463493706e-12,0.298936480194517,3
54899,5.97292095775052e-22,-0.47199870661033,3
54904,2.89372736619667e-08,0.264295183557702,3
54951,3.7476430557109e-06,-0.302058819109702,3
54961,2.53024337628846e-12,-0.427705857815351,3
54965,6.61538936559517e-10,-0.435862945228682,3
54985,8.62359920973569e-11,-0.56016352145802,3
54987,1.44917339888586e-07,-0.33365394245395,3
54989,9.99814995952893e-05,0.18015776349074,3
55026,1.37163276767563e-07,-0.648114305504988,3
55034,3.17975274706886e-05,0.179973159560568,3
55038,5.72442197859383e-06,0.325315983128334,3
55075,4.50644105871322e-08,-0.422385371597508,3
55076,2.47480544129399e-08,-0.41951490324799,3
55088,8.89988465626599e-06,-0.413565327455417,3
55113,2.25152284611289e-07,-0.264390076123251,3
55129,2.95438548579098e-06,0.204273450767901,3
55161,4.43121151724108e-06,0.210015534289097,3
55193,1.53219446439486e-07,0.265795702846401,3
55240,1.17967392258835e-37,-0.56737472754689,3
55243,0.000114790328690607,0.168213754765906,3
55244,4.81849556853095e-06,0.707809010587762,3
55248,6.37862885431232e-25,0.623475528463588,3
55256,3.63177617889546e-05,-0.194908823648782,3
55300,9.75111120857475e-18,-0.467219943268095,3
55301,2.45478647735194e-07,0.619300035681778,3
55312,2.59194538549816e-05,0.183744990431494,3
55325,3.05234797745856e-07,-0.29808079321844,3
55344,1.49647615220954e-17,0.41542448416962,3
55352,2.00412004902744e-06,-0.232974767899385,3
55357,1.01390963050871e-17,-0.395263226446619,3
55366,5.48847748336877e-20,-0.807183177036129,3
55450,4.68790460621894e-07,-0.234051748459143,3
55527,6.19030245334763e-06,0.228400777937256,3
55531,1.8367886580435e-11,0.712747922260494,3
55544,3.97354642360547e-07,0.629976765808929,3
55558,5.58626475998393e-06,-0.239670809728789,3
55584,3.39051522390142e-09,-0.486754323325132,3
55601,4.09375233200925e-24,-0.700453311118503,3
55603,4.92385983320687e-15,-0.643842225875327,3
55604,1.48461336032221e-05,-0.396692765646277,3
55619,6.30849636832033e-14,0.31087037994972,3
55638,1.15305532527905e-08,-0.374580412284484,3
55652,5.09120742653016e-41,0.603048752734846,3
55666,0.000372576635225994,0.150858564678934,3
55668,2.9053424659141e-09,0.273457244183175,3
55672,1.84221336581651e-07,0.271961155762989,3
55683,1.90735787946692e-05,0.193264936428511,3
55697,3.88342067084868e-07,0.177967948377041,3
55700,1.60889978305661e-06,0.188420538891769,3
55701,2.18733387065674e-07,-0.273455864830143,3
55718,1.03342891287377e-10,0.310182891093541,3
55720,1.32478998764085e-06,0.207219891491984,3
55727,8.46857187713551e-05,0.223949373057213,3
55751,2.37711179462137e-08,0.246434311734406,3
55755,2.39396797698534e-08,0.241233649730074,3
55784,3.97851883797545e-08,-0.335533688636223,3
55787,1.63388126678527e-07,0.2666086287583,3
55795,4.80763145628535e-06,0.213024627678189,3
55827,9.7475456571016e-08,-0.245121128839823,3
55830,4.22770212904641e-08,-0.253466182639504,3
55831,1.11605052529519e-13,0.327414025749507,3
55858,7.92292820033191e-09,-0.248017609861897,3
55859,2.86472627888226e-07,0.313076430216888,3
55902,2.39038232000677e-26,-0.467677647222059,3
55905,1.12437936125603e-05,0.205648650159465,3
55924,2.38841361730919e-12,0.300070553896133,3
56005,4.8336404172276e-08,0.214757377840848,3
56180,5.63108780586824e-06,0.229989617271379,3
56261,5.50794468202468e-11,-0.556958842219566,3
56271,1.95678969163188e-07,0.223485209909944,3
56288,1.72970599863073e-18,0.375032867140875,3
56605,6.77097102523222e-09,0.286267624439055,3
56666,2.80304174414959e-22,1.37171831896254,3
56675,7.01282068283942e-09,0.271454766016661,3
56731,8.17843195416436e-09,-0.257503979986567,3
56834,7.27528209196707e-07,-0.216240989181463,3
56886,2.29805211705136e-08,0.212517316586866,3
56892,8.95744159835793e-06,-0.460127189149489,3
56894,3.09674401208092e-08,0.240155510511045,3
56898,9.06919360630427e-05,-0.349898165715725,3
56902,6.8418182219781e-09,0.283153141608702,3
56913,2.10321045726496e-11,0.283717212942758,3
56925,1.11557200901854e-06,-0.899829510827389,3
56937,3.35769821431387e-12,0.666778647089095,3
56944,1.09015316447283e-23,-1.28659917943202,3
56951,3.8475655708156e-07,-0.229407502694192,3
56967,1.02785969260113e-14,-0.366177067060213,3
56975,1.02860144565654e-28,-0.45808123099866,3
56987,2.93780629393129e-05,0.188526826614595,3
56995,6.11450104543465e-06,0.239182390533134,3
57016,6.85682672621562e-13,0.460551332009446,3
57035,6.13748882077714e-16,-0.380352593731653,3
57099,5.73213993775085e-12,0.353335067790403,3
57120,2.46747572405191e-21,-0.43529261905893,3
57125,1.97005893766463e-12,-0.584374478456034,3
57142,0.000415745529473408,-0.120081277916241,2
57159,9.52010824190389e-13,1.28444888579486,3
57179,0.000728787164232294,0.16343935115178,3
57190,3.83599809360678e-49,-0.599585648084023,3
57198,1.69626365410508e-09,0.272491623255582,3
57221,4.16750755310558e-07,0.233660282750216,3
57406,3.11204774543638e-08,0.28665025803038,3
57446,6.96255320236715e-18,-0.362489136801435,3
57448,0.0010650311699025,0.189969254122578,3
57455,7.19076822301779e-08,0.291972479783479,3
57466,9.8364757517606e-06,0.249937921273028,3
57488,1.71777204615102e-07,-0.210956253976415,3
57491,8.87433570133464e-14,0.358237083177885,3
57498,5.83992941576703e-05,0.176209784160714,3
57510,3.57400037653786e-09,0.271503362147071,3
57519,6.66694907206641e-09,-0.389422446143848,3
57520,1.73759687505271e-13,-0.517577465956114,3
57545,7.45571327315246e-15,-0.361654384615615,3
57559,4.6903165147558e-07,0.39519593200705,3
57563,1.95600425556827e-13,0.406181746504161,3
57584,1.87946139402004e-11,-0.282615629929549,3
57596,4.78284305802006e-06,0.288310170300601,3
57621,1.61092412214566e-22,0.491166357088603,3
57648,2.72743711150011e-08,0.267877931344505,3
57670,7.22702427525352e-08,0.258406019317335,3
57674,0.000102317366647252,0.19163370891783,3
57706,6.56715683852279e-09,0.257275632109567,3
57719,5.42872709024752e-08,-0.421591567539498,3
57720,0.000202641219674723,0.152386471123932,3
57761,5.95852504942452e-06,0.180949353715283,3
57787,1.5857600411634e-05,0.206605856775949,3
57823,4.99300880723668e-12,0.429529264055574,3
57834,2.13236622682765e-09,1.12461144459505,3
58190,1.06090899326123e-12,-0.318585203147903,3
58472,1.67684483683067e-28,-0.515578721069466,3
58476,1.88527231692604e-08,-0.251187707945471,3
58504,3.63517914287462e-11,-0.408772288435367,3
59335,2.23952590857281e-09,1.22510372426826,3
59338,7.87223967786477e-11,-0.451244271521362,3
59339,3.77147450934178e-07,0.23874738704324,3
59343,1.68006369550936e-08,0.245879654830269,3
59345,1.76400444260642e-07,-0.304036157984191,3
60313,7.64525752655685e-07,0.22218076921141,3
60370,4.01777908856055e-07,-0.232042623584798,3
60481,2.10010392975271e-15,-0.299662570087158,3
60558,0.000249316487427161,0.177841285510564,3
60560,2.12308279086139e-06,0.207753752321922,3
60674,3.74729021543273e-06,0.242214619801691,3
60676,3.47194246368658e-33,0.463312339394085,3
60685,2.7279301911137e-06,0.208642838824535,3
63898,3.70818618432563e-07,0.279940214452941,3
63917,1.3872070972958e-13,-0.383885202689876,3
63933,3.85737526355106e-07,0.249750213953424,3
64061,6.04705919197562e-20,0.525960858031218,3
64065,5.03948233238845e-06,-0.258415660360374,3
64101,2.28028595839561e-10,0.867328848832259,3
64116,1.47992525618617e-09,-0.30814367727365,3
64131,1.86020572083917e-08,-0.299936275864635,3
64135,9.35164131895469e-07,-0.578743890516782,3
64167,2.33025003931961e-27,-0.522693927247607,3
64168,1.84769525566601e-10,0.449951269951333,3
64283,7.87765358741568e-14,0.323360298215816,3
64397,0.000156550723037218,0.183507437432773,3
64423,3.2209557651389e-08,-0.221581210675054,3
64651,1.45369666892613e-13,0.665329318546072,3
64718,1.30522087475327e-15,0.496184593162387,3
64754,1.37906122609958e-05,0.208698019953258,3
64755,5.74721615188387e-05,0.182027142622115,3
64759,2.5060684338863e-41,-0.941347265365186,3
64781,2.4042491618072e-05,0.201975972212284,3
64834,0.00025813336936572,-0.170564733273483,3
64837,6.66685953230639e-16,0.339287604859629,3
64838,6.66589452495668e-11,0.375410135463449,3
64847,2.7284438390405e-06,-0.208034099170089,3
65010,2.11963696530813e-08,0.368878141340877,3
65018,1.71943595681547e-13,-0.321448889672802,3
65056,0.000500666694878316,0.168980492670296,3
65244,3.21321563755994e-06,0.219283561259038,3
65264,2.77029454785015e-07,0.186587405621432,3
65975,2.59750242872767e-06,0.340702432819241,3
65998,1.33921114130053e-12,0.493080603444162,3
79001,3.55680836206771e-10,-0.293643298345905,3
79006,1.8115481595872e-22,-0.434190019067028,3
79034,9.5514657692375e-10,0.337397048078574,3
79073,7.05915439747054e-07,-0.281986863880909,3
79094,5.1289072192447e-13,0.342779235675777,3
79147,1.6030036163817e-09,0.338774621701615,3
79156,2.2197177671662e-05,-0.259710093000888,3
79158,8.11399602938036e-42,-0.551351208477327,3
79447,8.62444208545148e-07,-0.285953803555804,3
79567,0.000393382147299881,0.164982367010967,3
79573,1.39782886445396e-07,-0.377906006110172,3
79581,1.5148354996378e-06,0.220256975775896,3
79587,4.19012582939673e-06,-0.188292442669062,3
79625,1.17931209809379e-11,0.581548729452963,3
79627,3.68466190757655e-08,-0.245833661622934,3
79647,0.000227990362464518,0.186754044418814,3
79657,4.43009321313879e-07,0.270225960977083,3
79663,1.58931784342157e-08,0.298134277510017,3
79674,2.16656354886173e-19,0.435998936583715,3
79735,0.000431347630582039,-0.162456665937748,3
79745,9.10674981718234e-24,0.392679357071004,3
79752,1.66186217764765e-09,0.324161337507611,3
79768,1.38275240718535e-65,0.791913438627213,3
79770,3.75211491886062e-05,-0.195265942321021,3
79789,2.76725121752243e-12,-0.421829025638425,3
79794,9.96627263996424e-14,0.280063285348964,3
79815,3.85496490105061e-06,-0.468996617892665,3
79822,5.14125986885753e-20,-0.517615008896704,3
79827,0.000210763145502823,-0.178008195891968,3
79847,9.19046226053019e-08,-0.268708526478663,3
79870,2.92113925069667e-29,-0.492935847857182,3
79875,2.56250907532785e-34,0.583208321200545,3
79962,3.56160419854082e-08,0.49270206403097,3
79974,2.49088749248593e-10,-0.597894355738452,3
80014,1.07909294500073e-05,0.216494286190255,3
80017,5.84068078923243e-17,-0.42053727220849,3
80020,9.27217573745341e-11,0.300039394977148,3
80028,2.01312628292249e-06,0.282640291325519,3
80055,7.64689516150457e-07,-0.325128213470255,3
80114,1.32005729675671e-43,-0.782376054470039,3
80131,3.05399804670639e-08,0.251650800332673,3
80149,8.72853506629936e-06,-0.287604464384842,3
80176,9.14102645572382e-24,0.403575659872762,3
80183,7.3423843266193e-12,1.05359724773149,3
80201,6.23795953037998e-101,0.851986209941296,3
80206,3.95823840500125e-07,-0.313329657228032,3
80209,2.10386184971773e-06,0.2336458920522,3
80212,1.11313825722693e-09,-0.275286929530024,3
80216,1.41033629912417e-07,0.241536828902113,3
80232,2.41723740047471e-05,0.192273678016089,3
80256,1.6044507535284e-07,0.229983744467592,3
80270,2.6024959234099e-05,-0.283883974049034,3
80313,1.3724700479235e-06,-0.354323604741735,3
80339,2.15040908445021e-09,-0.563199931931344,3
80381,8.49073297868032e-16,-0.335786426971909,3
80727,1.125592805953e-05,0.193681426948171,3
80762,7.10065754117338e-09,-0.24770119735463,3
80763,1.66385220805116e-43,1.57652360807155,3
80774,8.82137854600931e-09,0.868138735268026,3
80790,8.01977170267716e-06,0.214105402498045,3
80830,1.33645141530697e-22,-0.431232394390786,3
80852,6.89156794350396e-22,0.408104799531474,3
81029,3.80736029944853e-08,0.396943659022244,3
81490,1.0141562954979e-05,0.213114394002683,3
81502,3.2108064415999e-22,0.332214985217773,3
81539,3.26344358021813e-18,0.284955014063068,3
81553,2.77235186700657e-06,-0.22777235968953,3
81578,8.99237193920716e-10,0.677931720350298,3
81614,3.11935155110134e-11,0.267104476103849,3
81622,1.10214065770469e-05,-0.265476762460291,3
81631,6.55240536486121e-14,0.253422431744942,3
81832,7.79836655590733e-07,1.10841225909314,3
81846,2.07421889773473e-06,-0.231254127038066,3
81848,4.10161680071771e-10,0.561549601979864,3
81855,2.67079535725213e-19,-0.377446824114612,3
81873,1.33229469571631e-07,0.284863438931234,3
83442,0.000348719039851865,-0.153198881886288,3
83478,5.2696039770321e-15,-0.503568411107247,3
83594,2.46246839196338e-06,-0.327506389385559,3
83638,1.20226215800772e-17,0.394505624699756,3
83641,1.86720842610247e-08,0.579060916011373,3
83692,0.000204279042761427,-0.179789936704438,3
83693,2.85794057719598e-22,0.417580304627521,3
83694,2.80910813726796e-09,0.886471273219146,3
83699,1.72539307709124e-15,0.815444693393588,3
83706,7.708029801679e-58,0.762464304865975,3
83729,1.16407555470286e-19,0.453550676231817,3
83742,5.03443275621561e-17,-0.387629914831236,3
83857,7.31650157280468e-05,-0.168132571834305,3
83882,2.37186036625502e-06,-0.28518762173847,3
83894,2.64452463335561e-11,0.696505402362608,3
83931,1.74430576792431e-36,0.542261845352629,3
83989,2.08557422791291e-05,-0.254703600043154,3
84034,5.15123656880661e-07,-0.415760435261068,3
84079,1.44418498512709e-07,0.221846395197407,3
84085,6.20337886936666e-11,0.294638500606938,3
84109,1.77537562633927e-16,1.04833800959509,3
84254,2.07824480846599e-08,-0.305928788150036,3
84256,3.98056058199395e-11,0.271707246661458,3
84272,2.31759095249371e-06,0.213665170683492,3
84446,2.98425956340157e-13,0.409992676100709,3
84513,7.26143165164579e-12,0.286476591140419,3
84668,0.000322190429732021,-0.167972703375118,3
84707,3.04415316671143e-08,0.25845861230867,3
84777,1.09608464081049e-20,0.742011184061839,3
84803,1.37596464580325e-08,0.255240422648458,3
84823,1.22782512853511e-16,0.331284049557872,3
84870,1.38637272904648e-07,-0.456153772384279,3
84876,4.62442487422662e-08,0.338950504216827,3
84886,2.34246224198197e-16,-0.460917614939768,3
84897,6.29633727220576e-17,0.370066476808815,3
84898,4.34933835927852e-19,-0.668092977429885,3
84910,2.86473012657829e-06,-0.219749030732708,3
84913,5.76251098174812e-22,-1.49571028303705,3
84916,8.07766273900821e-10,0.295842028889632,3
84918,2.002862541122e-08,-0.248585749234574,3
84926,5.85451389948505e-10,-0.255430339868496,3
84928,6.19770680893692e-07,0.229068213870976,3
84939,0.000384574823125367,0.168030963785619,3
84958,7.39252108276019e-16,0.486241211730734,3
84962,1.54795088155995e-28,0.566363699081259,3
84967,1.00844048273505e-07,0.316023965297031,3
84981,5.02654927234283e-14,0.313836641118339,3
85360,1.56486216550072e-11,0.305526120901857,3
85363,1.86886658463717e-09,0.274442987292415,3
85365,2.83455289265562e-06,0.212740368063885,3
85379,8.97590357575619e-10,0.322270372596354,3
85403,1.80678695674079e-10,0.292602022569002,3
85414,2.21735871446545e-08,1.11985186455085,3
85439,1.11566757542687e-05,-0.444056812168463,3
85455,4.39055333727686e-10,-1.08077313076619,3
85461,1.38124447653014e-07,-0.259631428544401,3
85465,1.16183190130092e-16,0.357371000162506,3
89927,7.09214474780647e-14,0.298997815148864,3
90102,4.82305650829473e-06,-0.334433374705412,3
90135,2.24368413775827e-08,-0.261836047687359,3
90226,1.33356757051915e-10,1.38731564220331,3
90271,4.70353100098626e-24,0.701364636501469,3
90293,3.92781258953988e-19,-0.560483966293097,3
90411,2.07308568212751e-13,0.252310814861269,3
90522,2.49952078664514e-07,0.224733098596431,3
90557,4.53679999496935e-16,-0.665321765850745,3
90637,9.20693250129671e-25,0.523276897028918,3
90701,6.49806405489593e-12,0.315375683002891,3
90853,8.87292297125894e-07,-0.223093779438918,3
90956,8.4469404124137e-06,0.202492566529635,3
90993,8.87150986611566e-18,-0.392110060087239,3
91010,6.69252275574408e-10,0.257175609846016,3
91050,0.000189717504987072,-0.18784456884647,3
91304,0.000124040094518588,0.163059970987557,3
91404,2.84348431894767e-08,-0.461347929250613,3
91409,6.41316095775574e-07,-0.822932720452778,3
91445,1.82311642152081e-05,0.16015807464754,3
91662,4.89829397595193e-11,-0.541324204149797,3
91942,2.87890063001306e-08,0.288827239919221,3
92126,6.44091469746512e-10,-0.316991309270092,3
92140,8.94180821547287e-06,0.165050074397105,3
92154,9.41285051552802e-27,0.403316079067123,3
92689,7.03069943302428e-14,-0.324906503468868,3
93099,1.73086471425038e-44,-0.606082301109342,3
93129,2.90155497435735e-05,-0.18879014384391,3
93134,2.42091581768779e-05,-0.252618144641449,3
93664,7.80745868007841e-07,-0.244513834459636,3
94120,1.45905495258829e-08,-0.333037040794375,3
103910,0.000234116035383854,-0.155613557524023,3
112849,5.21875011531178e-14,0.356543934707753,3
112936,1.97428716343578e-07,-0.338012530639822,3
113146,4.9823790731976e-19,-0.347326145091313,3
113157,2.63918650061408e-106,0.968141729716572,3
113178,2.71043373334151e-09,0.274270894653571,3
113452,3.98291825034046e-11,0.341271656513221,3
114088,1.18282668153599e-07,-0.532924726364557,3
114801,1.69741425275771e-08,-0.495370000495001,3
114818,1.51651401662865e-34,0.526880210318554,3
114876,3.94014529406634e-06,-0.199734169788027,3
114884,6.7346547300017e-08,0.302747690561554,3
114897,3.09077764674007e-25,-0.530386306511569,3
114907,5.65474109028766e-06,-0.187417490561122,3
114915,3.90932042504347e-12,0.463387575644326,3
114990,9.33443087144519e-10,0.43064632303204,3
115207,5.19458621011814e-10,-0.307398011219268,3
116068,6.05556499541102e-05,0.1923333627514,3
116211,1.68113033486812e-10,0.507899456433152,3
116442,3.55453969260368e-07,0.226852418748935,3
116496,0.00223642654526562,0.125082414696995,2
117283,2.20953766717402e-17,1.19129252880499,3
117584,1.11220517548096e-05,0.258739464359181,3
118424,7.20572477950278e-06,0.195907367038319,3
118460,4.18929222439025e-13,0.302273736834327,3
118812,1.51862702389018e-06,0.26655563413042,3
118813,1.12658422130202e-08,0.250233340539221,3
118932,2.97247180491264e-07,0.448582251045593,3
120892,7.30840164670993e-06,-0.4841095076349,3
122618,1.90364597741347e-08,-0.426728334048369,3
123096,3.575983840617e-06,0.229542649261488,3
123811,7.19346309488128e-06,0.217013538540777,3
123920,1.85568366121934e-07,0.292634347349058,3
124540,4.42980693988729e-18,-0.451007820237308,3
125058,5.11421802867409e-06,-0.208462746871244,3
125228,1.90981862350775e-19,0.362397243795222,3
126014,2.73471086883361e-45,0.861449536614506,3
126299,1.37753128360665e-11,-0.468641468322023,3
126321,2.85087204548378e-12,0.274238453351956,3
126393,3.55706705629008e-07,-0.392260931829528,3
126433,3.79528857413116e-09,0.396696205542584,3
127343,1.58344488369522e-10,0.97770912329258,3
128077,7.45829047233946e-06,-0.242297026486996,3
128553,1.93522906173732e-13,-0.658490635246647,3
128637,1.55888194468212e-06,0.207849511681895,3
130074,9.88722531725779e-05,0.167773707984178,3
130814,1.4962824205702e-09,-0.27482290969368,3
131566,0.0033810290135046,-0.13715864609442,2
131601,1.44988835867185e-15,0.331876405755537,3
132299,1.58506146465266e-14,0.320430773820291,3
132671,6.02698558903719e-10,-0.372492699648291,3
132864,3.16361050931839e-05,-0.24250004811386,3
133923,1.86969275659122e-14,0.873478593153876,3
134147,1.48185996901641e-05,-0.292418807787044,3
134265,9.11545849036869e-21,0.821163712449277,3
134285,1.52276544170081e-14,-1.07972022630772,3
134549,2.53675809994315e-06,-0.370029966812948,3
135228,1.27448508730329e-09,-0.386536908341045,3
135293,7.69343977221053e-07,0.455778081913384,3
138429,6.90339195249505e-10,-0.408320147786456,3
140710,1.78284057020208e-06,0.229827618986472,3
140775,1.18515414129505e-15,0.319412113012365,3
140809,9.76459740566178e-109,0.843977593500471,3
140885,8.03028440284493e-11,-0.368732571074734,3
142891,2.56783600854347e-06,0.213960191539512,3
144455,9.99001751028452e-10,0.255536507617661,3
144501,5.40024569435494e-98,0.959506246704475,3
144809,2.21542546662849e-07,-0.955562607336393,3
145407,7.37940326916075e-07,-0.720862927142178,3
145773,2.55363770275083e-08,-0.529699333327789,3
146057,3.64031664313739e-06,0.266198350277932,3
146223,4.44857396721186e-05,0.197527704403085,3
147166,3.44174923592487e-36,0.739618663442004,3
147463,7.44942524986974e-13,-0.437746999469531,3
147650,2.7216855478502e-06,-0.338392544981526,3
147912,5.67312020909574e-08,-0.382786602055919,3
148022,2.54234837146573e-10,0.327296961978622,3
148252,1.66756077547016e-22,-0.418319187267923,3
149111,4.69800603733527e-08,-0.300978690329695,3
149773,3.78349835488052e-17,0.544645014144176,3
150223,1.57619161456005e-09,0.514321782174713,3
150290,1.02030926527832e-13,-0.505541792789675,3
150465,3.11513281274406e-06,-0.217777182706093,3
150726,1.07715543638576e-08,0.629308117917968,3
151354,1.02256087645494e-07,-0.563742056425751,3
151393,3.86569862887187e-13,-0.39653218240623,3
151534,8.58470321614439e-07,0.477292559146393,3
151636,7.43636487560895e-09,-0.2609803897977,3
151742,3.59250823678721e-15,-0.42832784810068,3
152007,4.94762983491247e-06,0.411285502805012,3
152137,1.55132442941943e-06,0.208059792052458,3
152225,1.21152504575675e-10,1.13573377106895,3
153396,6.05030007581891e-14,0.300627512022379,3
153443,5.81171939432022e-09,0.329707908325638,3
153769,6.01600445477342e-12,-0.422071408242258,3
154881,5.00753712227495e-07,-0.246279110883915,3
155061,1.66298090993782e-17,0.382646323580443,3
155066,7.63209826956102e-10,-0.321127849497476,3
155185,4.35858567879459e-15,0.86292345105178,3
157769,5.66077446969324e-13,0.264366541893833,3
157807,1.03748600052856e-25,0.471756862708174,3
158158,1.73935731572211e-08,-0.480670062857603,3
158471,5.31869463368622e-10,-0.300397633155366,3
160518,7.26512701325918e-05,0.193146356011546,3
162989,2.33147197307588e-06,0.264255147209602,3
163882,1.65865929149306e-06,0.289628745185703,3
164284,1.1459017063407e-08,0.346419335465742,3
164832,3.70477475669197e-07,0.285364950219698,3
166647,1.19729456436086e-06,0.273310210068404,3
166929,1.83781159404191e-06,-0.283740951308054,3
167555,2.41457221073684e-07,-0.909996876418995,3
168667,3.64021187339267e-09,-1.13607559432249,3
169611,5.99072512831155e-64,-1.00297554953459,3
169714,4.30305581203045e-06,0.199017934156215,3
169792,9.9468515058104e-06,0.279119866978879,3
170371,6.89819406445404e-08,-0.312131775053697,3
170463,1.20628689849709e-07,-0.243400758392632,3
170506,0.000313586722486264,0.166607568473437,3
197407,2.13732130162055e-06,0.443474701384572,3
199731,8.7637994368558e-09,0.576908544237532,3
200316,1.47475365126435e-09,-0.351774894655423,3
201164,5.69496462062534e-11,0.528134371712337,3
201176,1.57424060476029e-10,0.596174324216848,3
201294,7.52022840750903e-59,1.02685317342825,3
201895,3.9615981320838e-08,-0.245826967701119,3
201931,1.5316598427882e-20,0.393194892098348,3
203068,2.38011353836878e-06,-0.170845819798613,3
203859,2.7170902638517e-12,0.433753937781399,3
204851,1.42963454506944e-05,-0.192263108496082,3
205564,1.54660081004024e-06,0.217316094671579,3
205860,2.10753006119103e-09,0.559322877287193,3
219285,9.81530306735017e-26,-0.612580034634589,3
219699,1.96248076720756e-08,-0.192463147273682,3
219749,1.13802146015636e-11,-0.380658243797591,3
220002,1.54135840529567e-11,-0.300803194926084,3
220965,2.59545582083901e-10,-1.36589299294301,3
221091,8.33106923662576e-11,0.316156647450523,3
221322,2.87897798978357e-07,-0.623507261843367,3
221496,9.97693017872294e-09,0.283072701988373,3
221955,2.05420732777189e-14,0.471779878389942,3
222235,5.97088130474528e-28,0.567031012422268,3
222389,1.31627594405353e-16,0.486867971028313,3
245972,8.42184574560708e-39,0.485143125367121,3
253461,5.53465663464218e-06,-0.208232449600325,3
253725,0.00358819714414472,0.124206975208206,2
254122,4.30705437149049e-06,-0.227304740112119,3
254428,2.14418224505405e-16,0.349753949274729,3
254827,7.41095865008219e-07,-1.34178038887782,3
255057,6.78425290110635e-11,0.510515723965947,3
255783,1.5277223911257e-09,-0.497689029329614,3
256356,1.80040773844356e-10,-0.535072287649954,3
256987,0.000123540949711592,-0.166406651579332,3
257397,4.33715126011804e-06,0.218003568574123,3
259217,1.02299940131558e-07,0.397196704174272,3
259232,1.4306110616184e-12,0.395270073861453,3
280636,6.57125556416981e-60,-0.729945245179555,3
283316,8.59054827854892e-10,0.317123978543866,3
283487,2.8191011619885e-05,0.192428394224977,3
283991,2.44852353542095e-10,0.362591310334965,3
284021,5.40488463755088e-13,0.37080382504783,3
284129,3.78295578249287e-09,0.374392480412471,3
284297,1.79026044470381e-20,-0.517331299162539,3
284561,7.92476251671665e-29,0.469828086097723,3
284618,9.76479835098793e-40,-0.575091904877711,3
285513,1.50489075882837e-20,-1.5375268548267,3
285598,1.89250269142415e-06,0.410970439479278,3
285613,8.73849159286137e-10,0.416518479943167,3
285761,8.99186256984818e-12,-0.394957990579655,3
285855,0.000247320129856638,0.190768721859269,3
285958,1.87942828568747e-12,0.610314663278587,3
286144,9.57709639434489e-13,-0.322729496021008,3
286343,4.22470755288612e-08,0.240120964199686,3
339122,3.16733102821147e-09,0.273581157761014,3
339263,1.86045590070093e-06,0.206729197312154,3
340371,9.1158237417483e-21,-0.421994264098838,3
344595,8.16389724362704e-10,-0.643567191475577,3
344887,1.64555929074264e-24,0.853586377076948,3
348262,1.43351437750439e-27,-0.651355820159384,3
349667,1.1073185032693e-07,0.366518449565425,3
359948,6.89427432834751e-16,-0.364806009484635,3
374897,1.02525698520685e-14,-0.437804826759205,3
375056,1.29515511895076e-09,0.252256757101405,3
375287,1.40161624312719e-08,-0.406799299366727,3
375759,2.64208305229982e-06,1.13727948018301,3
375790,5.9005657170569e-06,0.167669632223407,3
386618,1.82563745468355e-09,-0.825828157241929,3
387263,8.6334120631251e-09,-0.248255081627089,3
387680,0.00125735411767078,0.130905179597231,2
387763,5.39165984663936e-06,-0.264089091692272,3
387882,2.98022204653312e-14,0.422286378373996,3
387890,4.43589729022836e-10,-0.26596540072949,3
388121,1.84932958359878e-10,-0.530571705552851,3
388796,2.65913511308531e-08,0.520932961884782,3
389136,4.8627383370941e-21,-0.642846446410475,3
389792,1.78470473493937e-50,-0.686580591931,3
399473,1.16584391800035e-22,0.715886410737629,3
399687,1.35376978382496e-07,0.255123122174942,3
399959,3.40507876727787e-17,-0.450355961496685,3
400745,1.02770019807613e-40,1.08827723900048,3
400954,3.03003759280588e-07,-0.202308315836934,3
401233,1.65051398986021e-16,0.387870795637283,3
401647,1.21292059341066e-14,-0.371885416374554,3
402778,2.75873636353003e-05,-0.216878483447984,3
414777,1.44380478386864e-06,0.333674313153955,3
415116,5.23106630737418e-07,0.2185295925964,3
440026,5.47125957879242e-17,0.341618590095819,3
440829,3.36348706643244e-06,-0.273956938562531,3
441024,7.78168642655922e-13,0.333265640740624,3
441951,0.00153415839461824,0.148756562961428,3
445815,6.19478955766323e-18,0.335731710093064,3
493869,9.95815292822578e-16,-0.369119865694339,3
493913,2.44738584450259e-08,-0.463190313253737,3
541471,1.15077350071345e-20,0.490474285296675,3
641364,2.77627746419684e-09,0.449401597861962,3
643246,1.83107823000938e-10,0.329104051242097,3
643723,8.34166446997022e-44,1.3627951298939,3
644815,4.92412118499407e-06,0.227827247554038,3
645687,7.72964472834517e-18,0.74374498936429,3
647979,0.00916707212703681,-0.119320406688619,2
653308,3.7883887378907e-09,0.356704848974786,3
653319,7.18199463644572e-06,-0.461693355422258,3
654433,2.04130940979658e-68,0.994725105437777,3
654463,1.27427330748461e-21,0.839814360899362,3
692099,1.54367140842432e-13,0.339349386217505,3
729176,1.13922145156974e-07,1.01348644798353,3
729178,9.89376764040263e-06,0.561060536695289,3
729867,6.45976450376458e-07,0.25296447418135,3
100101267,2.2841643402371e-07,0.237339250616523,3
100127983,6.68139696175628e-20,0.581098225938888,3
100131897,1.99244704889018e-29,-1.44890238973953,3
100132987,1.0137881149425e-05,-0.456571687552834,3
100134229,2.41387119498678e-06,-0.849981269446442,3
100170841,4.84508012263733e-09,0.477681962352567,3
100192378,5.38906978325759e-10,1.06910973119588,3
100216546,6.47640577679656e-07,-0.927887453996513,3
100288175,1.71935347752904e-39,1.11398932993511,3
100288695,3.84508870123311e-06,0.497522576090831,3
100500842,2.73630335021185e-25,0.434826777687849,3
100505641,3.96687577397817e-05,-0.174377806694677,3
100505854,1.12672192214977e-08,0.380226822955301,3
100505994,1.33412751463407e-89,1.23440975860808,3
100506115,1.51661397419215e-24,-0.683160451123934,3
100506178,2.02544010749733e-10,0.753136355799881,3
100506190,3.36531176919406e-07,0.29705249779679,3
100507156,8.59651417464518e-09,-0.500318753918462,3
100507347,3.44787163515546e-15,-0.24958422034551,3
100532742,9.33176191273605e-14,0.441372164661089,3
100616483,4.23843680232677e-08,0.446622970292434,3
100861518,6.79563739044968e-07,-0.372226893088063,3
100874111,1.51802921770573e-09,-0.51216849694499,3
100874214,1.25686504617347e-08,0.522923898493206,3
100885776,1.08317144844081e-06,0.47219727210238,3
100996724,7.75908588043579e-07,-0.243769048028583,3
101927060,3.8540948180196e-08,0.366865800824463,3
101927300,9.54465845471087e-08,-0.795065385730985,3
101927354,5.59452209203903e-07,1.06344697393495,3
101927752,9.78055270561952e-06,-0.483477089429983,3
101928143,7.09924711069242e-06,0.373124956580631,3
101928796,1.93272298158233e-16,1.28120115556312,3
101928994,3.41143368620533e-14,1.13822695624467,3
101929054,1.04150466417904e-06,0.799621287652761,3
102723356,9.11570197371834e-09,0.325080753298384,3
102723759,1.04499406743204e-06,1.02483794234536,3
102724250,5.94608993405399e-06,0.262274942936399,3
102724364,1.24014420953981e-07,-0.303361424327402,3
102724550,2.88239566651836e-08,-1.08828234125932,3
102724560,1.12224848870029e-05,0.218988452725731,3
102724895,6.30296461792751e-19,0.7707076402168,3
102800317,3.42467412057197e-07,0.238224285239808,3
103611157,7.66752675063533e-11,-1.10602712766352,3
103689845,6.88377299251329e-32,-0.654693745216266,3
105369147,2.40939151698922e-06,-0.469946611927155,3
105369617,1.85889884957696e-06,1.1649909499699,3
105369893,6.94943355920107e-09,0.519256416549472,3
105370687,6.49794575944624e-06,0.361278371693605,3
105371453,1.39370555536679e-10,0.381089109552313,3
105373148,6.58733885956533e-07,0.956959127978118,3
105373581,3.27803203402157e-14,-0.568765831936678,3
105374491,3.22282432648525e-07,1.01049328973284,3
105374811,7.53369279261579e-27,1.71911355227826,3
105377105,6.72300312911672e-21,0.763861707182807,3
105378482,8.90108843744734e-12,1.48168227580503,3
105378948,8.13485908502803e-28,1.05526454964316,3
105379189,6.22038231233634e-08,-0.546363518820227,3
105379695,4.08508433050562e-17,0.43672340706785,3
106614088,4.0089418737554e-15,-0.665737990364791,3
107986003,1.39595440175454e-24,0.428693833323702,3
107986445,2.30723267787598e-10,1.31061510566934,3
107986606,5.85817670673138e-09,0.359234072082934,3
107986820,1.67533566534655e-17,0.388842982222954,3
110117499,4.55491848962282e-09,-0.453612314999442,3
112267874,1.30539240615496e-07,1.08491379333367,3
112268437,0.000136274576180112,0.301450406237856,3
112694756,4.88137418155262e-09,-0.193651682306199,3
113218500,6.69106274278039e-06,-0.189596389601941,3
113219467,0.000248099424020598,-0.534999924075521,3
